Scenario,Decision,Nurse,Nurse skills,Shift,Source,Destination,Reason,Category,Dest ratio before,Dest ratio after,Source ratio before,Source ratio after,Improvement,Safety checks passed
Normal Day,Accepted,N015,General + Emergency,Morning,General Ward,Emergency,All safety checks passed. Safe to reassign.,Accepted,1.0583333333333333,0.9921875,0.7901234567901234,0.8,0.012079475308642007,R1 destination unit is overloaded; R0 required data present; R2 nurse available; R3 nurse holds required Emergency skill; R4 nurse works the current shift; R5 source keeps 80 staff (minimum 48); R6 destination can accept the nurse without being over-supplied; R7 workload imbalance decreases and source is not newly overloaded
Normal Day,Accepted,N149,Surgical + ICU,Morning,Surgical Ward,ICU,All safety checks passed. Safe to reassign.,Accepted,1.0555555555555556,0.95,0.8208333333333333,0.8491379310344828,0.006772030651340993,R1 destination unit is overloaded; R0 required data present; R2 nurse available; R3 nurse holds required ICU skill; R4 nurse works the current shift; R5 source keeps 29 staff (minimum 19); R6 destination can accept the nurse without being over-supplied; R7 workload imbalance decreases and source is not newly overloaded
Normal Day,Accepted,N011,Emergency + ICU,Evening,Emergency,ICU,All safety checks passed. Safe to reassign.,Accepted,1.0555555555555556,0.95,0.79375,0.8355263157894737,0.009466374269005845,R1 destination unit is overloaded; R0 required data present; R2 nurse available; R3 nurse holds required ICU skill; R4 nurse works the current shift; R5 source keeps 19 staff (minimum 12); R6 destination can accept the nurse without being over-supplied; R7 workload imbalance decreases and source is not newly overloaded
Normal Day,Accepted,N031,Pediatrics + Emergency,Night,Pediatrics,Emergency,All safety checks passed. Safe to reassign.,Accepted,1.0583333333333333,0.9921875,0.7583333333333333,0.8125,0.02093750000000001,R1 destination unit is overloaded; R0 required data present; R2 nurse available; R3 nurse holds required Emergency skill; R4 nurse works the current shift; R5 source keeps 14 staff (minimum 9); R6 destination can accept the nurse without being over-supplied; R7 workload imbalance decreases and source is not newly overloaded
Normal Day,Accepted,N013,General + Surgical,Night,General Ward,Surgical Ward,All safety checks passed. Safe to reassign.,Accepted,1.0706521739130435,1.0260416666666667,0.810126582278481,0.8205128205128205,0.010999349096143238,R1 destination unit is overloaded; R0 required data present; R2 nurse available; R3 nurse holds required Surgical skill; R4 nurse works the current shift; R5 source keeps 78 staff (minimum 48); R6 destination can accept the nurse without being over-supplied; R7 workload imbalance decreases and source is not newly overloaded
Normal Day,Accepted,N017,General + Surgical,Night,General Ward,Surgical Ward,All safety checks passed. Safe to reassign.,Accepted,1.0260416666666667,0.985,0.8205128205128205,0.8311688311688312,0.004339535464535485,R1 destination unit is overloaded; R0 required data present; R2 nurse available; R3 nurse holds required Surgical skill; R4 nurse works the current shift; R5 source keeps 77 staff (minimum 48); R6 destination can accept the nurse without being over-supplied; R7 workload imbalance decreases and source is not newly overloaded
Emergency Surge,Accepted,N149,Surgical + ICU,Morning,Surgical Ward,ICU,All safety checks passed. Safe to reassign.,Accepted,1.4722222222222223,1.325,0.8208333333333333,0.8491379310344828,0.03510536398467434,R1 destination unit is overloaded; R0 required data present; R2 nurse available; R3 nurse holds required ICU skill; R4 nurse works the current shift; R5 source keeps 29 staff (minimum 19); R6 destination can accept the nurse without being over-supplied; R7 workload imbalance decreases and source is not newly overloaded
Emergency Surge,Accepted,N182,Surgical + ICU,Morning,Surgical Ward,ICU,All safety checks passed. Safe to reassign.,Accepted,1.325,1.2045454545454546,0.8491379310344828,0.8794642857142857,0.03015618002686965,R1 destination unit is overloaded; R0 required data present; R2 nurse available; R3 nurse holds required ICU skill; R4 nurse works the current shift; R5 source keeps 28 staff (minimum 19); R6 destination can accept the nurse without being over-supplied; R7 workload imbalance decreases and source is not newly overloaded
Emergency Surge,Accepted,N202,Surgical + ICU,Morning,Surgical Ward,ICU,All safety checks passed. Safe to reassign.,Accepted,1.2045454545454546,1.1041666666666667,0.8794642857142857,0.9120370370370371,0.02659030784030786,R1 destination unit is overloaded; R0 required data present; R2 nurse available; R3 nurse holds required ICU skill; R4 nurse works the current shift; R5 source keeps 27 staff (minimum 19); R6 destination can accept the nurse without being over-supplied; R7 workload imbalance decreases and source is not newly overloaded
Emergency Surge,Accepted,N015,General + Emergency,Morning,General Ward,Emergency,All safety checks passed. Safe to reassign.,Accepted,1.8083333333333333,1.6953125,0.7901234567901234,0.8,0.02457947530864199,R1 destination unit is overloaded; R0 required data present; R2 nurse available; R3 nurse holds required Emergency skill; R4 nurse works the current shift; R5 source keeps 80 staff (minimum 48); R6 destination can accept the nurse without being over-supplied; R7 workload imbalance decreases and source is not newly overloaded
Emergency Surge,Accepted,N391,Surgical + ICU,Morning,Surgical Ward,ICU,All safety checks passed. Safe to reassign.,Accepted,1.1041666666666667,1.0192307692307692,0.9120370370370371,0.9471153846153846,0.02400284900284902,R1 destination unit is overloaded; R0 required data present; R2 nurse available; R3 nurse holds required ICU skill; R4 nurse works the current shift; R5 source keeps 26 staff (minimum 19); R6 destination can accept the nurse without being over-supplied; R7 workload imbalance decreases and source is not newly overloaded
Emergency Surge,Accepted,N113,General + Emergency,Morning,General Ward,Emergency,All safety checks passed. Safe to reassign.,Accepted,1.6953125,1.5955882352941178,0.8,0.810126582278481,0.02197016939687263,R1 destination unit is overloaded; R0 required data present; R2 nurse available; R3 nurse holds required Emergency skill; R4 nurse works the current shift; R5 source keeps 79 staff (minimum 48); R6 destination can accept the nurse without being over-supplied; R7 workload imbalance decreases and source is not newly overloaded
Emergency Surge,Accepted,N133,General + Emergency,Morning,General Ward,Emergency,All safety checks passed. Safe to reassign.,Accepted,1.5955882352941178,1.5069444444444444,0.810126582278481,0.8205128205128205,0.019806005816802558,R1 destination unit is overloaded; R0 required data present; R2 nurse available; R3 nurse holds required Emergency skill; R4 nurse works the current shift; R5 source keeps 78 staff (minimum 48); R6 destination can accept the nurse without being over-supplied; R7 workload imbalance decreases and source is not newly overloaded
Emergency Surge,Accepted,N159,General + Emergency,Morning,General Ward,Emergency,All safety checks passed. Safe to reassign.,Accepted,1.5069444444444444,1.4276315789473684,0.8205128205128205,0.8311688311688312,0.017993775230617376,R1 destination unit is overloaded; R0 required data present; R2 nurse available; R3 nurse holds required Emergency skill; R4 nurse works the current shift; R5 source keeps 77 staff (minimum 48); R6 destination can accept the nurse without being over-supplied; R7 workload imbalance decreases and source is not newly overloaded
Emergency Surge,Accepted,N200,General + Emergency,Morning,General Ward,Emergency,All safety checks passed. Safe to reassign.,Accepted,1.4276315789473684,1.35625,0.8311688311688312,0.8421052631578947,0.016463602187286375,R1 destination unit is overloaded; R0 required data present; R2 nurse available; R3 nurse holds required Emergency skill; R4 nurse works the current shift; R5 source keeps 76 staff (minimum 48); R6 destination can accept the nurse without being over-supplied; R7 workload imbalance decreases and source is not newly overloaded
Emergency Surge,Accepted,N208,General + Emergency,Morning,General Ward,Emergency,All safety checks passed. Safe to reassign.,Accepted,1.35625,1.2916666666666667,0.8421052631578947,0.8533333333333334,0.015162280701754377,R1 destination unit is overloaded; R0 required data present; R2 nurse available; R3 nurse holds required Emergency skill; R4 nurse works the current shift; R5 source keeps 75 staff (minimum 48); R6 destination can accept the nurse without being over-supplied; R7 workload imbalance decreases and source is not newly overloaded
Emergency Surge,Accepted,N225,General + Emergency,Morning,General Ward,Emergency,All safety checks passed. Safe to reassign.,Accepted,1.2916666666666667,1.2329545454545454,0.8533333333333334,0.8648648648648649,0.01404873054873057,R1 destination unit is overloaded; R0 required data present; R2 nurse available; R3 nurse holds required Emergency skill; R4 nurse works the current shift; R5 source keeps 74 staff (minimum 48); R6 destination can accept the nurse without being over-supplied; R7 workload imbalance decreases and source is not newly overloaded
Emergency Surge,Accepted,N242,General + Emergency,Morning,General Ward,Emergency,All safety checks passed. Safe to reassign.,Accepted,1.2329545454545454,1.1793478260869565,0.8648648648648649,0.8767123287671232,0.013090836653969429,R1 destination unit is overloaded; R0 required data present; R2 nurse available; R3 nurse holds required Emergency skill; R4 nurse works the current shift; R5 source keeps 73 staff (minimum 48); R6 destination can accept the nurse without being over-supplied; R7 workload imbalance decreases and source is not newly overloaded
Emergency Surge,Accepted,N246,General + Emergency,Morning,General Ward,Emergency,All safety checks passed. Safe to reassign.,Accepted,1.1793478260869565,1.1302083333333333,0.8767123287671232,0.8888888888888888,0.012263210575077788,R1 destination unit is overloaded; R0 required data present; R2 nurse available; R3 nurse holds required Emergency skill; R4 nurse works the current shift; R5 source keeps 72 staff (minimum 48); R6 destination can accept the nurse without being over-supplied; R7 workload imbalance decreases and source is not newly overloaded
Emergency Surge,Accepted,N318,General + Emergency,Morning,General Ward,Emergency,All safety checks passed. Safe to reassign.,Accepted,1.1302083333333333,1.085,0.8888888888888888,0.9014084507042254,0.011545579029733959,R1 destination unit is overloaded; R0 required data present; R2 nurse available; R3 nurse holds required Emergency skill; R4 nurse works the current shift; R5 source keeps 71 staff (minimum 48); R6 destination can accept the nurse without being over-supplied; R7 workload imbalance decreases and source is not newly overloaded
Emergency Surge,Accepted,N342,General + Emergency,Morning,General Ward,Emergency,All safety checks passed. Safe to reassign.,Accepted,1.085,1.0432692307692308,0.9014084507042254,0.9142857142857143,0.010921606562451606,R1 destination unit is overloaded; R0 required data present; R2 nurse available; R3 nurse holds required Emergency skill; R4 nurse works the current shift; R5 source keeps 70 staff (minimum 48); R6 destination can accept the nurse without being over-supplied; R7 workload imbalance decreases and source is not newly overloaded
Emergency Surge,Accepted,N362,General + Emergency,Morning,General Ward,Emergency,All safety checks passed. Safe to reassign.,Accepted,1.0432692307692308,1.0046296296296295,0.9142857142857143,0.927536231884058,0.010378023747589005,R1 destination unit is overloaded; R0 required data present; R2 nurse available; R3 nurse holds required Emergency skill; R4 nurse works the current shift; R5 source keeps 69 staff (minimum 48); R6 destination can accept the nurse without being over-supplied; R7 workload imbalance decreases and source is not newly overloaded
Emergency Surge,Accepted,N493,Surgical + ICU,Morning,Surgical Ward,ICU,All safety checks passed. Safe to reassign.,Accepted,1.0192307692307692,0.9464285714285714,0.9471153846153846,0.985,0.000708791208791193,R1 destination unit is overloaded; R0 required data present; R2 nurse available; R3 nurse holds required ICU skill; R4 nurse works the current shift; R5 source keeps 25 staff (minimum 19); R6 destination can accept the nurse without being over-supplied; R7 workload imbalance decreases and source is not newly overloaded
Emergency Surge,Accepted,N199,Surgical + ICU,Evening,Surgical Ward,ICU,All safety checks passed. Safe to reassign.,Accepted,1.4722222222222223,1.325,0.9120370370370371,0.9471153846153846,0.03646011396011398,R1 destination unit is overloaded; R0 required data present; R2 nurse available; R3 nurse holds required ICU skill; R4 nurse works the current shift; R5 source keeps 26 staff (minimum 19); R6 destination can accept the nurse without being over-supplied; R7 workload imbalance decreases and source is not newly overloaded
Emergency Surge,Accepted,N344,Surgical + ICU,Evening,Surgical Ward,ICU,All safety checks passed. Safe to reassign.,Accepted,1.325,1.2045454545454546,0.9471153846153846,0.985,0.031667832167832144,R1 destination unit is overloaded; R0 required data present; R2 nurse available; R3 nurse holds required ICU skill; R4 nurse works the current shift; R5 source keeps 25 staff (minimum 19); R6 destination can accept the nurse without being over-supplied; R7 workload imbalance decreases and source is not newly overloaded
Emergency Surge,Accepted,N022,General + Emergency,Evening,General Ward,Emergency,All safety checks passed. Safe to reassign.,Accepted,1.35625,1.2916666666666667,0.7901234567901234,0.8,0.014891975308641975,R1 destination unit is overloaded; R0 required data present; R2 nurse available; R3 nurse holds required Emergency skill; R4 nurse works the current shift; R5 source keeps 80 staff (minimum 48); R6 destination can accept the nurse without being over-supplied; R7 workload imbalance decreases and source is not newly overloaded
Emergency Surge,Accepted,N024,General + Emergency,Evening,General Ward,Emergency,All safety checks passed. Safe to reassign.,Accepted,1.2916666666666667,1.2329545454545454,0.8,0.810126582278481,0.013767740698120451,R1 destination unit is overloaded; R0 required data present; R2 nurse available; R3 nurse holds required Emergency skill; R4 nurse works the current shift; R5 source keeps 79 staff (minimum 48); R6 destination can accept the nurse without being over-supplied; R7 workload imbalance decreases and source is not newly overloaded
Emergency Surge,Accepted,N043,General + Emergency,Evening,General Ward,Emergency,All safety checks passed. Safe to reassign.,Accepted,1.2329545454545454,1.1793478260869565,0.810126582278481,0.8205128205128205,0.012798591520385677,R1 destination unit is overloaded; R0 required data present; R2 nurse available; R3 nurse holds required Emergency skill; R4 nurse works the current shift; R5 source keeps 78 staff (minimum 48); R6 destination can accept the nurse without being over-supplied; R7 workload imbalance decreases and source is not newly overloaded
Emergency Surge,Accepted,N108,General + Emergency,Evening,General Ward,Emergency,All safety checks passed. Safe to reassign.,Accepted,1.1793478260869565,1.1302083333333333,0.8205128205128205,0.8311688311688312,0.011959100681926807,R1 destination unit is overloaded; R0 required data present; R2 nurse available; R3 nurse holds required Emergency skill; R4 nurse works the current shift; R5 source keeps 77 staff (minimum 48); R6 destination can accept the nurse without being over-supplied; R7 workload imbalance decreases and source is not newly overloaded
Emergency Surge,Accepted,N132,General + Emergency,Evening,General Ward,Emergency,All safety checks passed. Safe to reassign.,Accepted,1.1302083333333333,1.085,0.8311688311688312,0.8421052631578947,0.011228953064479352,R1 destination unit is overloaded; R0 required data present; R2 nurse available; R3 nurse holds required Emergency skill; R4 nurse works the current shift; R5 source keeps 76 staff (minimum 48); R6 destination can accept the nurse without being over-supplied; R7 workload imbalance decreases and source is not newly overloaded
Emergency Surge,Accepted,N011,Emergency + ICU,Evening,Emergency,ICU,All safety checks passed. Safe to reassign.,Accepted,1.2045454545454546,1.1041666666666667,1.085,1.1302083333333333,0.01103409090909091,R1 destination unit is overloaded; R0 required data present; R2 nurse available; R3 nurse holds required ICU skill; R4 nurse works the current shift; R5 source keeps 24 staff (minimum 12); R6 destination can accept the nurse without being over-supplied; R7 workload imbalance decreases and source is not newly overloaded
Emergency Surge,Accepted,N183,General + Emergency,Evening,General Ward,Emergency,All safety checks passed. Safe to reassign.,Accepted,1.1302083333333333,1.085,0.8421052631578947,0.8533333333333334,0.011287280701754401,R1 destination unit is overloaded; R0 required data present; R2 nurse available; R3 nurse holds required Emergency skill; R4 nurse works the current shift; R5 source keeps 75 staff (minimum 48); R6 destination can accept the nurse without being over-supplied; R7 workload imbalance decreases and source is not newly overloaded
Emergency Surge,Accepted,N227,General + Emergency,Evening,General Ward,Emergency,All safety checks passed. Safe to reassign.,Accepted,1.085,1.0432692307692308,0.8533333333333334,0.8648648648648649,0.01065246015246013,R1 destination unit is overloaded; R0 required data present; R2 nurse available; R3 nurse holds required Emergency skill; R4 nurse works the current shift; R5 source keeps 74 staff (minimum 48); R6 destination can accept the nurse without being over-supplied; R7 workload imbalance decreases and source is not newly overloaded
Emergency Surge,Accepted,N235,General + Emergency,Evening,General Ward,Emergency,All safety checks passed. Safe to reassign.,Accepted,1.0432692307692308,1.0046296296296295,0.8648648648648649,0.8767123287671232,0.010097413008371928,R1 destination unit is overloaded; R0 required data present; R2 nurse available; R3 nurse holds required Emergency skill; R4 nurse works the current shift; R5 source keeps 73 staff (minimum 48); R6 destination can accept the nurse without being over-supplied; R7 workload imbalance decreases and source is not newly overloaded
Emergency Surge,Accepted,N106,Emergency + ICU,Evening,Emergency,ICU,All safety checks passed. Safe to reassign.,Accepted,1.1041666666666667,1.0192307692307692,1.0046296296296295,1.0432692307692308,0.009259259259259252,R1 destination unit is overloaded; R0 required data present; R2 nurse available; R3 nurse holds required ICU skill; R4 nurse works the current shift; R5 source keeps 26 staff (minimum 12); R6 destination can accept the nurse without being over-supplied; R7 workload imbalance decreases and source is not newly overloaded
Emergency Surge,Accepted,N243,General + Emergency,Evening,General Ward,Emergency,All safety checks passed. Safe to reassign.,Accepted,1.0432692307692308,1.0046296296296295,0.8767123287671232,0.8888888888888888,0.010163232252273384,R1 destination unit is overloaded; R0 required data present; R2 nurse available; R3 nurse holds required Emergency skill; R4 nurse works the current shift; R5 source keeps 72 staff (minimum 48); R6 destination can accept the nurse without being over-supplied; R7 workload imbalance decreases and source is not newly overloaded
Emergency Surge,Accepted,N031,Pediatrics + Emergency,Night,Pediatrics,Emergency,All safety checks passed. Safe to reassign.,Accepted,1.8083333333333333,1.6953125,0.7583333333333333,0.8125,0.03343750000000001,R1 destination unit is overloaded; R0 required data present; R2 nurse available; R3 nurse holds required Emergency skill; R4 nurse works the current shift; R5 source keeps 14 staff (minimum 9); R6 destination can accept the nurse without being over-supplied; R7 workload imbalance decreases and source is not newly overloaded
Emergency Surge,Accepted,N473,Pediatrics + Emergency,Night,Pediatrics,Emergency,All safety checks passed. Safe to reassign.,Accepted,1.6953125,1.5955882352941178,0.8125,0.875,0.03244485294117644,R1 destination unit is overloaded; R0 required data present; R2 nurse available; R3 nurse holds required Emergency skill; R4 nurse works the current shift; R5 source keeps 13 staff (minimum 9); R6 destination can accept the nurse without being over-supplied; R7 workload imbalance decreases and source is not newly overloaded
Emergency Surge,Accepted,N020,General + Emergency,Night,General Ward,Emergency,All safety checks passed. Safe to reassign.,Accepted,1.5955882352941178,1.5069444444444444,0.810126582278481,0.8205128205128205,0.019806005816802585,R1 destination unit is overloaded; R0 required data present; R2 nurse available; R3 nurse holds required Emergency skill; R4 nurse works the current shift; R5 source keeps 78 staff (minimum 48); R6 destination can accept the nurse without being over-supplied; R7 workload imbalance decreases and source is not newly overloaded
Emergency Surge,Accepted,N025,Surgical + ICU,Night,Surgical Ward,ICU,All safety checks passed. Safe to reassign.,Accepted,1.4722222222222223,1.325,1.0706521739130435,1.1193181818181819,0.0197112428634168,R1 destination unit is overloaded; R0 required data present; R2 nurse available; R3 nurse holds required ICU skill; R4 nurse works the current shift; R5 source keeps 22 staff (minimum 19); R6 destination can accept the nurse without being over-supplied; R7 workload imbalance decreases and source is not newly overloaded
Emergency Surge,Accepted,N027,General + Emergency,Night,General Ward,Emergency,All safety checks passed. Safe to reassign.,Accepted,1.5069444444444444,1.4276315789473684,0.8205128205128205,0.8311688311688312,0.017993775230617348,R1 destination unit is overloaded; R0 required data present; R2 nurse available; R3 nurse holds required Emergency skill; R4 nurse works the current shift; R5 source keeps 77 staff (minimum 48); R6 destination can accept the nurse without being over-supplied; R7 workload imbalance decreases and source is not newly overloaded
Emergency Surge,Accepted,N058,General + Emergency,Night,General Ward,Emergency,All safety checks passed. Safe to reassign.,Accepted,1.4276315789473684,1.35625,0.8311688311688312,0.8421052631578947,0.016463602187286375,R1 destination unit is overloaded; R0 required data present; R2 nurse available; R3 nurse holds required Emergency skill; R4 nurse works the current shift; R5 source keeps 76 staff (minimum 48); R6 destination can accept the nurse without being over-supplied; R7 workload imbalance decreases and source is not newly overloaded
Emergency Surge,Accepted,N126,General + Emergency,Night,General Ward,Emergency,All safety checks passed. Safe to reassign.,Accepted,1.35625,1.2916666666666667,0.8421052631578947,0.8533333333333334,0.01516228070175435,R1 destination unit is overloaded; R0 required data present; R2 nurse available; R3 nurse holds required Emergency skill; R4 nurse works the current shift; R5 source keeps 75 staff (minimum 48); R6 destination can accept the nurse without being over-supplied; R7 workload imbalance decreases and source is not newly overloaded
Emergency Surge,Accepted,N142,General + Emergency,Night,General Ward,Emergency,All safety checks passed. Safe to reassign.,Accepted,1.2916666666666667,1.2329545454545454,0.8533333333333334,0.8648648648648649,0.014048730548730598,R1 destination unit is overloaded; R0 required data present; R2 nurse available; R3 nurse holds required Emergency skill; R4 nurse works the current shift; R5 source keeps 74 staff (minimum 48); R6 destination can accept the nurse without being over-supplied; R7 workload imbalance decreases and source is not newly overloaded
Emergency Surge,Accepted,N164,Surgical + ICU,Night,Surgical Ward,ICU,All safety checks passed. Safe to reassign.,Accepted,1.325,1.2045454545454546,1.1193181818181819,1.1726190476190477,0.013430735930735904,R1 destination unit is overloaded; R0 required data present; R2 nurse available; R3 nurse holds required ICU skill; R4 nurse works the current shift; R5 source keeps 21 staff (minimum 19); R6 destination can accept the nurse without being over-supplied; R7 workload imbalance decreases and source is not newly overloaded
Emergency Surge,Accepted,N151,General + Emergency,Night,General Ward,Emergency,All safety checks passed. Safe to reassign.,Accepted,1.2329545454545454,1.1793478260869565,0.8648648648648649,0.8767123287671232,0.013090836653969457,R1 destination unit is overloaded; R0 required data present; R2 nurse available; R3 nurse holds required Emergency skill; R4 nurse works the current shift; R5 source keeps 73 staff (minimum 48); R6 destination can accept the nurse without being over-supplied; R7 workload imbalance decreases and source is not newly overloaded
Emergency Surge,Accepted,N013,General + Surgical,Night,General Ward,Surgical Ward,All safety checks passed. Safe to reassign.,Accepted,1.1726190476190477,1.1193181818181819,0.8767123287671232,0.8888888888888888,0.013095485184526273,R1 destination unit is overloaded; R0 required data present; R2 nurse available; R3 nurse holds required Surgical skill; R4 nurse works the current shift; R5 source keeps 72 staff (minimum 48); R6 destination can accept the nurse without being over-supplied; R7 workload imbalance decreases and source is not newly overloaded
Emergency Surge,Accepted,N216,General + Emergency,Night,General Ward,Emergency,All safety checks passed. Safe to reassign.,Accepted,1.1793478260869565,1.1302083333333333,0.8888888888888888,0.9014084507042254,0.012331810913791957,R1 destination unit is overloaded; R0 required data present; R2 nurse available; R3 nurse holds required Emergency skill; R4 nurse works the current shift; R5 source keeps 71 staff (minimum 48); R6 destination can accept the nurse without being over-supplied; R7 workload imbalance decreases and source is not newly overloaded
Emergency Surge,Accepted,N017,General + Surgical,Night,General Ward,Surgical Ward,All safety checks passed. Safe to reassign.,Accepted,1.1193181818181819,1.0706521739130435,0.9014084507042254,0.9142857142857143,0.012308654297325458,R1 destination unit is overloaded; R0 required data present; R2 nurse available; R3 nurse holds required Surgical skill; R4 nurse works the current shift; R5 source keeps 70 staff (minimum 48); R6 destination can accept the nurse without being over-supplied; R7 workload imbalance decreases and source is not newly overloaded
Emergency Surge,Accepted,N244,General + Emergency,Night,General Ward,Emergency,All safety checks passed. Safe to reassign.,Accepted,1.1302083333333333,1.085,0.9142857142857143,0.927536231884058,0.01169177018633541,R1 destination unit is overloaded; R0 required data present; R2 nurse available; R3 nurse holds required Emergency skill; R4 nurse works the current shift; R5 source keeps 69 staff (minimum 48); R6 destination can accept the nurse without being over-supplied; R7 workload imbalance decreases and source is not newly overloaded
Emergency Surge,Accepted,N064,General + Surgical,Night,General Ward,Surgical Ward,All safety checks passed. Safe to reassign.,Accepted,1.0706521739130435,1.0260416666666667,0.927536231884058,0.9411764705882353,0.0116501491901108,R1 destination unit is overloaded; R0 required data present; R2 nurse available; R3 nurse holds required Surgical skill; R4 nurse works the current shift; R5 source keeps 68 staff (minimum 48); R6 destination can accept the nurse without being over-supplied; R7 workload imbalance decreases and source is not newly overloaded
Emergency Surge,Accepted,N247,General + Emergency,Night,General Ward,Emergency,All safety checks passed. Safe to reassign.,Accepted,1.085,1.0432692307692308,0.9411764705882353,0.9552238805970149,0.011155635847909753,R1 destination unit is overloaded; R0 required data present; R2 nurse available; R3 nurse holds required Emergency skill; R4 nurse works the current shift; R5 source keeps 67 staff (minimum 48); R6 destination can accept the nurse without being over-supplied; R7 workload imbalance decreases and source is not newly overloaded
Emergency Surge,Accepted,N056,Emergency + ICU,Night,Emergency,ICU,All safety checks passed. Safe to reassign.,Accepted,1.2045454545454546,1.1041666666666667,1.0432692307692308,1.085,0.011729603729603744,R1 destination unit is overloaded; R0 required data present; R2 nurse available; R3 nurse holds required ICU skill; R4 nurse works the current shift; R5 source keeps 25 staff (minimum 12); R6 destination can accept the nurse without being over-supplied; R7 workload imbalance decreases and source is not newly overloaded
Emergency Surge,Accepted,N334,General + Emergency,Night,General Ward,Emergency,All safety checks passed. Safe to reassign.,Accepted,1.085,1.0432692307692308,0.9552238805970149,0.9696969696969697,0.011240771666144789,R1 destination unit is overloaded; R0 required data present; R2 nurse available; R3 nurse holds required Emergency skill; R4 nurse works the current shift; R5 source keeps 66 staff (minimum 48); R6 destination can accept the nurse without being over-supplied; R7 workload imbalance decreases and source is not newly overloaded
Emergency Surge,Accepted,N350,General + Emergency,Night,General Ward,Emergency,All safety checks passed. Safe to reassign.,Accepted,1.0432692307692308,1.0046296296296295,0.9696969696969697,0.9846153846153847,0.010711603211603249,R1 destination unit is overloaded; R0 required data present; R2 nurse available; R3 nurse holds required Emergency skill; R4 nurse works the current shift; R5 source keeps 65 staff (minimum 48); R6 destination can accept the nurse without being over-supplied; R7 workload imbalance decreases and source is not newly overloaded
Emergency Surge,Accepted,N116,Emergency + ICU,Night,Emergency,ICU,All safety checks passed. Safe to reassign.,Accepted,1.1041666666666667,1.0192307692307692,1.0046296296296295,1.0432692307692308,0.009259259259259252,R1 destination unit is overloaded; R0 required data present; R2 nurse available; R3 nurse holds required ICU skill; R4 nurse works the current shift; R5 source keeps 26 staff (minimum 12); R6 destination can accept the nurse without being over-supplied; R7 workload imbalance decreases and source is not newly overloaded
Staff Shortage,Accepted,N149,Surgical + ICU,Morning,Surgical Ward,ICU,All safety checks passed. Safe to reassign.,Accepted,1.5833333333333333,1.3571428571428572,1.0260416666666667,1.0706521739130435,0.03631599378881986,R1 destination unit is overloaded; R0 required data present; R2 nurse available; R3 nurse holds required ICU skill; R4 nurse works the current shift; R5 source keeps 23 staff (minimum 19); R6 destination can accept the nurse without being over-supplied; R7 workload imbalance decreases and source is not newly overloaded
Staff Shortage,Accepted,N202,Surgical + ICU,Morning,Surgical Ward,ICU,All safety checks passed. Safe to reassign.,Accepted,1.3571428571428572,1.1875,1.0706521739130435,1.1193181818181819,0.024195369847543752,R1 destination unit is overloaded; R0 required data present; R2 nurse available; R3 nurse holds required ICU skill; R4 nurse works the current shift; R5 source keeps 22 staff (minimum 19); R6 destination can accept the nurse without being over-supplied; R7 workload imbalance decreases and source is not newly overloaded
Staff Shortage,Accepted,N023,General + Pediatrics,Morning,General Ward,Pediatrics,All safety checks passed. Safe to reassign.,Accepted,1.2638888888888888,1.1375,1.1228070175438596,1.1428571428571428,0.021267752715121158,R1 destination unit is overloaded; R0 required data present; R2 nurse available; R3 nurse holds required Pediatrics skill; R4 nurse works the current shift; R5 source keeps 56 staff (minimum 48); R6 destination can accept the nurse without being over-supplied; R7 workload imbalance decreases and source is not newly overloaded
Staff Shortage,Accepted,N115,General + Pediatrics,Morning,General Ward,Pediatrics,All safety checks passed. Safe to reassign.,Accepted,1.1375,1.0340909090909092,1.1428571428571428,1.1636363636363636,0.016525974025974,R1 destination unit is overloaded; R0 required data present; R2 nurse available; R3 nurse holds required Pediatrics skill; R4 nurse works the current shift; R5 source keeps 55 staff (minimum 48); R6 destination can accept the nurse without being over-supplied; R7 workload imbalance decreases and source is not newly overloaded
Staff Shortage,Accepted,N391,Surgical + ICU,Morning,Surgical Ward,ICU,All safety checks passed. Safe to reassign.,Accepted,1.1875,1.0555555555555556,1.1193181818181819,1.1726190476190477,0.015728715728715717,R1 destination unit is overloaded; R0 required data present; R2 nurse available; R3 nurse holds required ICU skill; R4 nurse works the current shift; R5 source keeps 21 staff (minimum 19); R6 destination can accept the nurse without being over-supplied; R7 workload imbalance decreases and source is not newly overloaded
Staff Shortage,Accepted,N015,General + Emergency,Morning,General Ward,Emergency,All safety checks passed. Safe to reassign.,Accepted,1.1339285714285714,1.0583333333333333,1.1636363636363636,1.1851851851851851,0.010809283309283296,R1 destination unit is overloaded; R0 required data present; R2 nurse available; R3 nurse holds required Emergency skill; R4 nurse works the current shift; R5 source keeps 54 staff (minimum 48); R6 destination can accept the nurse without being over-supplied; R7 workload imbalance decreases and source is not newly overloaded
Staff Shortage,Accepted,N012,General + Surgical,Morning,General Ward,Surgical Ward,All safety checks passed. Safe to reassign.,Accepted,1.1726190476190477,1.1193181818181819,1.1851851851851851,1.2075471698113207,0.006187776234946041,R1 destination unit is overloaded; R0 required data present; R2 nurse available; R3 nurse holds required Surgical skill; R4 nurse works the current shift; R5 source keeps 53 staff (minimum 48); R6 destination can accept the nurse without being over-supplied; R7 workload imbalance decreases and source is not newly overloaded
Staff Shortage,Accepted,N113,General + Emergency,Morning,General Ward,Emergency,All safety checks passed. Safe to reassign.,Accepted,1.0583333333333333,0.9921875,1.2075471698113207,1.2307692307692308,0.005459754475084649,R1 destination unit is overloaded; R0 required data present; R2 nurse available; R3 nurse holds required Emergency skill; R4 nurse works the current shift; R5 source keeps 52 staff (minimum 48); R6 destination can accept the nurse without being over-supplied; R7 workload imbalance decreases and source is not newly overloaded
Staff Shortage,Accepted,N077,General + Surgical,Morning,General Ward,Surgical Ward,All safety checks passed. Safe to reassign.,Accepted,1.1193181818181819,1.0706521739130435,1.2307692307692308,1.2549019607843137,0.004906655578011107,R1 destination unit is overloaded; R0 required data present; R2 nurse available; R3 nurse holds required Surgical skill; R4 nurse works the current shift; R5 source keeps 51 staff (minimum 48); R6 destination can accept the nurse without being over-supplied; R7 workload imbalance decreases and source is not newly overloaded
Staff Shortage,Accepted,N079,General + Surgical,Morning,General Ward,Surgical Ward,All safety checks passed. Safe to reassign.,Accepted,1.0706521739130435,1.0260416666666667,1.2549019607843137,1.28,0.003902493606138077,R1 destination unit is overloaded; R0 required data present; R2 nurse available; R3 nurse holds required Surgical skill; R4 nurse works the current shift; R5 source keeps 50 staff (minimum 48); R6 destination can accept the nurse without being over-supplied; R7 workload imbalance decreases and source is not newly overloaded
Staff Shortage,Accepted,N114,General + Pediatrics,Evening,General Ward,Pediatrics,All safety checks passed. Safe to reassign.,Accepted,1.2638888888888888,1.1375,1.1228070175438596,1.1428571428571428,0.02126775271512113,R1 destination unit is overloaded; R0 required data present; R2 nurse available; R3 nurse holds required Pediatrics skill; R4 nurse works the current shift; R5 source keeps 56 staff (minimum 48); R6 destination can accept the nurse without being over-supplied; R7 workload imbalance decreases and source is not newly overloaded
Staff Shortage,Accepted,N172,General + Pediatrics,Evening,General Ward,Pediatrics,All safety checks passed. Safe to reassign.,Accepted,1.1375,1.0340909090909092,1.1428571428571428,1.1636363636363636,0.016525974025974,R1 destination unit is overloaded; R0 required data present; R2 nurse available; R3 nurse holds required Pediatrics skill; R4 nurse works the current shift; R5 source keeps 55 staff (minimum 48); R6 destination can accept the nurse without being over-supplied; R7 workload imbalance decreases and source is not newly overloaded
Staff Shortage,Accepted,N011,Emergency + ICU,Evening,Emergency,ICU,All safety checks passed. Safe to reassign.,Accepted,1.1875,1.0555555555555556,1.0583333333333333,1.1339285714285714,0.01126984126984129,R1 destination unit is overloaded; R0 required data present; R2 nurse available; R3 nurse holds required ICU skill; R4 nurse works the current shift; R5 source keeps 14 staff (minimum 12); R6 destination can accept the nurse without being over-supplied; R7 workload imbalance decreases and source is not newly overloaded
Staff Shortage,Accepted,N022,General + Emergency,Evening,General Ward,Emergency,All safety checks passed. Safe to reassign.,Accepted,1.1339285714285714,1.0583333333333333,1.1636363636363636,1.1851851851851851,0.010809283309283296,R1 destination unit is overloaded; R0 required data present; R2 nurse available; R3 nurse holds required Emergency skill; R4 nurse works the current shift; R5 source keeps 54 staff (minimum 48); R6 destination can accept the nurse without being over-supplied; R7 workload imbalance decreases and source is not newly overloaded
Staff Shortage,Accepted,N007,General + Surgical,Evening,General Ward,Surgical Ward,All safety checks passed. Safe to reassign.,Accepted,1.3680555555555556,1.2960526315789473,1.1851851851851851,1.2075471698113207,0.00992818787009453,R1 destination unit is overloaded; R0 required data present; R2 nurse available; R3 nurse holds required Surgical skill; R4 nurse works the current shift; R5 source keeps 53 staff (minimum 48); R6 destination can accept the nurse without being over-supplied; R7 workload imbalance decreases and source is not newly overloaded
Staff Shortage,Accepted,N016,General + Surgical,Evening,General Ward,Surgical Ward,All safety checks passed. Safe to reassign.,Accepted,1.2960526315789473,1.23125,1.2075471698113207,1.2307692307692308,0.00831611412420745,R1 destination unit is overloaded; R0 required data present; R2 nurse available; R3 nurse holds required Surgical skill; R4 nurse works the current shift; R5 source keeps 52 staff (minimum 48); R6 destination can accept the nurse without being over-supplied; R7 workload imbalance decreases and source is not newly overloaded
Staff Shortage,Accepted,N121,General + Surgical,Evening,General Ward,Surgical Ward,All safety checks passed. Safe to reassign.,Accepted,1.23125,1.1726190476190477,1.2307692307692308,1.2549019607843137,0.006899644473173885,R1 destination unit is overloaded; R0 required data present; R2 nurse available; R3 nurse holds required Surgical skill; R4 nurse works the current shift; R5 source keeps 51 staff (minimum 48); R6 destination can accept the nurse without being over-supplied; R7 workload imbalance decreases and source is not newly overloaded
Staff Shortage,Accepted,N152,General + Surgical,Evening,General Ward,Surgical Ward,All safety checks passed. Safe to reassign.,Accepted,1.1726190476190477,1.1193181818181819,1.2549019607843137,1.28,0.005640565317035884,R1 destination unit is overloaded; R0 required data present; R2 nurse available; R3 nurse holds required Surgical skill; R4 nurse works the current shift; R5 source keeps 50 staff (minimum 48); R6 destination can accept the nurse without being over-supplied; R7 workload imbalance decreases and source is not newly overloaded
Staff Shortage,Accepted,N024,General + Emergency,Evening,General Ward,Emergency,All safety checks passed. Safe to reassign.,Accepted,1.0583333333333333,0.9921875,1.28,1.3061224489795917,0.004879676870748334,R1 destination unit is overloaded; R0 required data present; R2 nurse available; R3 nurse holds required Emergency skill; R4 nurse works the current shift; R5 source keeps 49 staff (minimum 48); R6 destination can accept the nurse without being over-supplied; R7 workload imbalance decreases and source is not newly overloaded
Staff Shortage,Accepted,N250,General + Surgical,Evening,General Ward,Surgical Ward,All safety checks passed. Safe to reassign.,Accepted,1.1193181818181819,1.0706521739130435,1.3061224489795917,1.3333333333333333,0.004291024710279381,R1 destination unit is overloaded; R0 required data present; R2 nurse available; R3 nurse holds required Surgical skill; R4 nurse works the current shift; R5 source keeps 48 staff (minimum 48); R6 destination can accept the nurse without being over-supplied; R7 workload imbalance decreases and source is not newly overloaded
Staff Shortage,Accepted,N473,Pediatrics + Emergency,Night,Pediatrics,Emergency,All safety checks passed. Safe to reassign.,Accepted,1.4431818181818181,1.3229166666666667,1.0340909090909092,1.1375,0.0033712121212121082,R1 destination unit is overloaded; R0 required data present; R2 nurse available; R3 nurse holds required Emergency skill; R4 nurse works the current shift; R5 source keeps 10 staff (minimum 9); R6 destination can accept the nurse without being over-supplied; R7 workload imbalance decreases and source is not newly overloaded
