dimension,level,level_order,overloaded_before_mean,overloaded_after_mean,avg_ratio_before_mean,avg_ratio_after_mean,max_ratio_before_mean,max_ratio_after_mean,mad_before_mean,mad_after_mean,gap_before_mean,gap_after_mean,transfers_mean,rejected_mean,screened_out_mean,safety_violations_mean,mad_reduction_pct_mean,overloaded_before_std,overloaded_after_std,avg_ratio_before_std,avg_ratio_after_std,max_ratio_before_std,max_ratio_after_std,mad_before_std,mad_after_std,gap_before_std,gap_after_std,transfers_std,rejected_std,screened_out_std,safety_violations_std,mad_reduction_pct_std,safety_violations_total,n_seeds
Patient workload,Normal,0,6.0,1.0,0.9283430693428093,0.9100838307139224,1.0706521739130435,1.0555555555555556,0.11885499829004083,0.09732357669348494,0.0,0.0,6.0,22.0,803.0,0.0,18.115705612996553,0.0,0.0,0.0,0.0,0.0,0.0,0.0,0.0,0.0,0.0,0.0,0.0,0.0,0.0,0.0,0,5
Patient workload,+10%,1,8.0,3.0,1.021477266601892,0.9727730765071497,1.2042753623188405,1.0250249287749287,0.11740840167508057,0.03692587885847233,0.0,0.0,16.0,44.0,1058.4,0.0,68.00399640222061,0.6324555320336759,0.8944271909999159,0.017256699771895603,0.006995789731035628,0.03459444879483714,0.015155967157398293,0.012797189585930208,0.0027909223172035333,0.0,0.0,2.6076809620810595,7.694153624668538,84.92961791978108,0.0,5.305840412220364,0,5
Patient workload,+20%,2,9.4,8.8,1.117675830802367,1.056664486086491,1.311207729468599,1.3593290043290043,0.1544196188942566,0.06732173763711854,0.0,0.0,17.8,101.6,1221.4,0.0,56.405488901201956,0.7999999999999999,1.1661903789690602,0.009824669805014138,0.012502719675046245,0.02288058060854458,0.06017701994846235,0.001473793563817332,0.010925263872217273,0.0,0.0,3.249615361854384,12.338557452149745,60.486692751381284,0.0,7.01893464447793,0,5
Patient workload,+30%,3,13.8,7.6,1.2025060143002417,1.0544013034727828,1.4257246376811594,1.3294060819892473,0.2070615698557972,0.06448480933889723,0.0,0.0,50.4,95.2,1477.8,0.0,68.90804974581172,0.39999999999999986,1.7435595774162693,0.02226048084937772,0.011892365189800877,0.05486756314437725,0.027761031638389277,0.018969365440537105,0.007676888800527537,0.0,0.0,3.9293765408776995,12.367699866992245,43.05995819784317,0.0,1.6282574831906753,0,5
Nurse availability,100%,0,6.0,1.0,0.9283430693428093,0.9100838307139224,1.0706521739130435,1.0555555555555556,0.11885499829004083,0.09732357669348494,0.0,0.0,6.0,22.0,803.0,0.0,18.115705612996553,0.0,0.0,0.0,0.0,0.0,0.0,0.0,0.0,0.0,0.0,0.0,0.0,0.0,0.0,0.0,0,5
Nurse availability,90%,1,8.4,3.4,1.0530786509094199,0.9822826244839078,1.483700466200466,1.115873015873016,0.1477291519327078,0.04615111769983421,2.2,0.2,17.4,40.4,1114.4,0.0,67.67339402188937,0.7999999999999998,0.8,0.031167309907236877,0.008681148492552703,0.14226752839519985,0.12063492063492065,0.03957218497166703,0.009102448406868604,1.6,0.4,4.409081537009721,6.374950980203691,94.95598980580424,0.0,5.609126362851651,0,5
Nurse availability,80%,2,11.8,10.0,1.1635266788102352,1.0611539118407007,1.5742316017316018,1.2851582321187585,0.19198827170565727,0.07353446739625645,4.4,0.0,22.6,102.2,1413.4,0.0,60.55014048799675,0.39999999999999997,0.6324555320336759,0.020785101903508393,0.00536609363388086,0.18476228512154683,0.03048883758064549,0.031145886089161693,0.0051122894065767435,1.6248076809271923,0.0,3.32264954516723,9.10823802938856,28.702613121456384,0.0,7.472055257289443,0,5
Nurse availability,70%,3,14.6,13.6,1.3347726863357579,1.17619135628702,2.0983333333333336,1.5313725490196077,0.3414393530024245,0.1800108007314647,11.6,2.4,27.8,114.2,1691.8,0.0,46.53149999528112,0.48989794855663565,1.0198039027185568,0.051437920280198904,0.01244249010135826,0.5446813543511267,0.21603381091549012,0.051393116691790516,0.013417457907244865,4.363484845854286,2.244994432064365,4.354308211415448,11.088733020503287,72.73623581132033,0.0,5.48169796338677,0,5
Acuity mapping,Standard,0,6.0,1.0,0.9283430693428093,0.9100838307139224,1.0706521739130435,1.0555555555555556,0.11885499829004083,0.09732357669348494,0.0,0.0,6.0,22.0,803.0,0.0,18.115705612996553,0.0,0.0,0.0,0.0,0.0,0.0,0.0,0.0,0.0,0.0,0.0,0.0,0.0,0.0,0.0,0,5
Acuity mapping,Demanding,1,15.0,10.0,1.2185774951249175,1.065605337326923,1.4021739130434783,1.3669354838709677,0.21857749512491767,0.07081367066025646,0.0,0.0,52.0,117.0,1608.0,0.0,67.60248779510157,0.0,0.0,0.0,0.0,0.0,0.0,0.0,0.0,0.0,0.0,0.0,0.0,0.0,0.0,0.0,0,5
