scenario,patients,available_nurses,overloaded_before,overloaded_after,avg_ratio_before,avg_ratio_after,max_ratio_before,max_ratio_after,range_before,range_after,mad_before,mad_after,gap_before,gap_after,transfers,rejected,screened_out,safety_violations,dimension,level,level_value,level_order,seed
Normal Day,319,437,6,1,0.9283430693428093,0.9100838307139224,1.0706521739130435,1.0555555555555556,0.31231884057971016,0.26543209876543217,0.11885499829004083,0.09732357669348494,0,0,6,22,803,0,Patient workload,Normal,1.0,0,1000
Normal Day,319,437,6,1,0.9283430693428093,0.9100838307139224,1.0706521739130435,1.0555555555555556,0.31231884057971016,0.26543209876543217,0.11885499829004083,0.09732357669348494,0,0,6,22,803,0,Patient workload,Normal,1.0,0,1001
Normal Day,319,437,6,1,0.9283430693428093,0.9100838307139224,1.0706521739130435,1.0555555555555556,0.31231884057971016,0.26543209876543217,0.11885499829004083,0.09732357669348494,0,0,6,22,803,0,Patient workload,Normal,1.0,0,1002
Normal Day,319,437,6,1,0.9283430693428093,0.9100838307139224,1.0706521739130435,1.0555555555555556,0.31231884057971016,0.26543209876543217,0.11885499829004083,0.09732357669348494,0,0,6,22,803,0,Patient workload,Normal,1.0,0,1003
Normal Day,319,437,6,1,0.9283430693428093,0.9100838307139224,1.0706521739130435,1.0555555555555556,0.31231884057971016,0.26543209876543217,0.11885499829004083,0.09732357669348494,0,0,6,22,803,0,Patient workload,Normal,1.0,0,1004
Normal Day,351,437,7,2,0.9959976054908942,0.9638514380576688,1.184782608695652,1.0092592592592593,0.38478260869565206,0.12110136452241715,0.09654131023642734,0.03861769774480022,0,0,12,40,919,0,Patient workload,+10%,1.1,1,1000
Normal Day,351,437,8,2,1.0105745094908398,0.965082361565742,1.1576086956521738,1.0096153846153846,0.31385869565217384,0.12680288461538458,0.11321776104056115,0.037481740998360547,0,0,14,40,1068,0,Patient workload,+10%,1.1,1,1001
Normal Day,351,437,9,4,1.0212334298158,0.9755895266132335,1.1956521739130435,1.03125,0.3706521739130435,0.13593750000000004,0.11565599584174158,0.0394104733867665,0,0,17,54,1187,0,Patient workload,+10%,1.1,1,1002
Normal Day,351,437,8,3,1.0347861729980454,0.9784737863299569,1.2583333333333333,1.025,0.4083333333333333,0.1562499999999999,0.1295133439101671,0.03152621367004305,0,0,18,34,1060,0,Patient workload,+10%,1.1,1,1003
Normal Day,351,437,8,4,1.0447946152138805,0.980868269969147,1.225,1.05,0.34845679012345687,0.1625000000000001,0.1321135973465057,0.03759326849239131,0,0,19,52,1058,0,Patient workload,+10%,1.1,1,1004
Normal Day,383,437,11,11,1.1354052461775053,1.0671681890313045,1.3532608695652173,1.275,0.41992753623188395,0.31874999999999987,0.1554772626384104,0.07508485569797113,0,0,22,124,1342,0,Patient workload,+20%,1.2,2,1000
Normal Day,383,437,9,8,1.1179977651625819,1.0669190540639844,1.3055555555555556,1.4285714285714286,0.39722222222222225,0.4614661654135339,0.1557300931304937,0.08085935353059967,0,0,14,100,1197,0,Patient workload,+20%,1.2,2,1001
Normal Day,383,437,9,8,1.1140219259802822,1.0640637875196701,1.3055555555555556,1.4226190476190477,0.40555555555555556,0.449404761904762,0.15169734401435012,0.0709685494244318,0,0,14,99,1196,0,Patient workload,+20%,1.2,2,1002
Normal Day,383,437,9,9,1.115536290203859,1.050166331618237,1.3083333333333333,1.3579545454545454,0.4083333333333333,0.3936688311688311,0.15407186867966238,0.05864168667253967,0,0,19,99,1187,0,Patient workload,+20%,1.2,2,1003
Normal Day,383,437,9,8,1.105417926487608,1.0350050681992604,1.2833333333333334,1.3125,0.3916666666666667,0.3571428571428571,0.15512152600836634,0.05105424286005044,0,0,20,86,1185,0,Patient workload,+20%,1.2,2,1004
Normal Day,415,437,14,5,1.2287399101082372,1.0636021960799547,1.525,1.3487903225806452,0.5333333333333332,0.35712365591397854,0.22985102121934808,0.06838480477560674,0,0,56,71,1485,0,Patient workload,+30%,1.3,3,1000
Normal Day,415,437,14,9,1.2156238888096196,1.0617569680981322,1.4130434782608696,1.3508064516129032,0.43804347826086965,0.37580645161290327,0.21895722214295255,0.07413792047908459,0,0,52,101,1497,0,Patient workload,+30%,1.3,3,1001
Normal Day,415,437,13,9,1.1942355123422819,1.0530075701207402,1.3641304347826086,1.3333333333333333,0.3766304347826086,0.3458333333333332,0.1959021790089484,0.05800757012074002,0,0,47,99,1394,0,Patient workload,+30%,1.3,3,1002
Normal Day,415,437,14,9,1.210051363890644,1.06184456150424,1.434782608695652,1.3387096774193548,0.46811594202898543,0.3720430107526881,0.2144958083350886,0.0686699583296368,0,0,52,106,1497,0,Patient workload,+30%,1.3,3,1003
Normal Day,415,437,14,6,1.1638793963504261,1.0317952215608466,1.3916666666666666,1.275390625,0.4833333333333333,0.3021763392857143,0.17610161857264833,0.05322379298941799,0,0,45,99,1516,0,Patient workload,+30%,1.3,3,1004
Normal Day,319,437,6,1,0.9283430693428093,0.9100838307139224,1.0706521739130435,1.0555555555555556,0.31231884057971016,0.26543209876543217,0.11885499829004083,0.09732357669348494,0,0,6,22,803,0,Nurse availability,100%,0.0,0,1000
Normal Day,319,437,6,1,0.9283430693428093,0.9100838307139224,1.0706521739130435,1.0555555555555556,0.31231884057971016,0.26543209876543217,0.11885499829004083,0.09732357669348494,0,0,6,22,803,0,Nurse availability,100%,0.0,0,1001
Normal Day,319,437,6,1,0.9283430693428093,0.9100838307139224,1.0706521739130435,1.0555555555555556,0.31231884057971016,0.26543209876543217,0.11885499829004083,0.09732357669348494,0,0,6,22,803,0,Nurse availability,100%,0.0,0,1002
Normal Day,319,437,6,1,0.9283430693428093,0.9100838307139224,1.0706521739130435,1.0555555555555556,0.31231884057971016,0.26543209876543217,0.11885499829004083,0.09732357669348494,0,0,6,22,803,0,Nurse availability,100%,0.0,0,1003
Normal Day,319,437,6,1,0.9283430693428093,0.9100838307139224,1.0706521739130435,1.0555555555555556,0.31231884057971016,0.26543209876543217,0.11885499829004083,0.09732357669348494,0,0,6,22,803,0,Nurse availability,100%,0.0,0,1004
Normal Day,319,393,9,3,1.040742942092038,0.9734409040430386,1.5833333333333333,1.0555555555555556,0.7708333333333333,0.18055555555555558,0.13603004136572808,0.045919365317230544,2,0,18,43,1160,0,Nurse availability,90%,0.1,1,1000
Normal Day,319,393,9,3,1.0489365553169625,0.9733889526294083,1.5833333333333333,1.0555555555555556,0.7299999999999999,0.1541471048513302,0.135115652222087,0.04310936386890815,2,0,19,40,1200,0,Nurse availability,90%,0.1,1,1001
Normal Day,319,393,8,3,1.0977823524073524,0.9959844476588381,1.5875,1.3571428571428572,0.79375,0.48043052837573397,0.21307387469887468,0.06358746191307155,5,1,22,33,1060,0,Nurse availability,90%,0.1,1,1002
Normal Day,319,393,7,3,1.0051211473711474,0.9808596795418978,1.2211538461538463,1.0555555555555556,0.40865384615384626,0.16666666666666674,0.0924131701631702,0.03850058981837153,0,0,9,35,954,0,Nurse availability,90%,0.1,1,1003
Normal Day,319,393,9,5,1.0728102573595995,0.9877391385463566,1.4431818181818181,1.0555555555555556,0.6010765550239234,0.19069069069069067,0.16201302121367914,0.039638807581589296,2,0,19,51,1198,0,Nurse availability,90%,0.1,1,1004
Normal Day,319,350,12,10,1.1851322128567037,1.0528388316664177,1.5875,1.28,0.7124999999999999,0.3320833333333334,0.21694441942947376,0.06386660944419568,6,0,28,110,1416,0,Nurse availability,80%,0.2,2,1000
Normal Day,319,350,12,10,1.163237016299742,1.0575525788376665,1.5833333333333333,1.2960526315789473,0.7708333333333333,0.42105263157894735,0.19620716555347345,0.07830257883766656,6,0,22,101,1432,0,Nurse availability,80%,0.2,2,1001
Normal Day,319,350,12,10,1.1418440768399782,1.06206320993821,1.3571428571428572,1.2307692307692308,0.4092261904761906,0.2828525641025642,0.15283980333570504,0.07309098771598775,2,0,21,107,1423,0,Nurse availability,80%,0.2,2,1002
Normal Day,319,350,11,9,1.188438740172611,1.066178129984051,1.9,1.2960526315789473,1.0875,0.3481359649122807,0.23321988495375592,0.07624757442849552,5,0,24,85,1358,0,Nurse availability,80%,0.2,2,1003
Normal Day,319,350,12,11,1.1389813478821407,1.0671368087771589,1.4431818181818181,1.3229166666666667,0.5681818181818181,0.3750000000000001,0.1607300852558782,0.07616458655493677,3,0,18,108,1438,0,Nurse availability,80%,0.2,2,1004
Normal Day,319,306,15,14,1.337760840661784,1.166435825991747,1.9,1.3333333333333333,0.8659090909090907,0.34114583333333326,0.33776084066178397,0.16747749265841366,14,0,29,114,1742,0,Nurse availability,70%,0.3,3,1000
Normal Day,319,306,14,12,1.342189763731117,1.1829030862454775,1.9,1.6416666666666666,1.025,0.69375,0.3588564303977837,0.19193086402325532,15,6,33,97,1592,0,Nurse availability,70%,0.3,3,1001
Normal Day,319,306,15,14,1.4186484679911404,1.1973727120144455,3.1666666666666665,1.9,2.1083333333333334,0.9078124999999999,0.4186484679911404,0.19841437868111209,13,3,30,115,1741,0,Nurse availability,70%,0.3,3,1002
Normal Day,319,306,15,15,1.2585998302727623,1.1639035087719298,1.625,1.3333333333333333,0.5021929824561404,0.2992424242424241,0.2585998302727626,0.16390350877192986,3,0,20,132,1768,0,Nurse availability,70%,0.3,3,1003
Normal Day,319,306,14,13,1.3166645290219852,1.1703416484115015,1.9,1.4485294117647058,1.025,0.5006127450980392,0.3333311956886518,0.1783277595226125,13,3,27,113,1616,0,Nurse availability,70%,0.3,3,1004
Normal Day,319,437,6,1,0.9283430693428093,0.9100838307139224,1.0706521739130435,1.0555555555555556,0.31231884057971016,0.26543209876543217,0.11885499829004083,0.09732357669348494,0,0,6,22,803,0,Acuity mapping,Standard,standard,0,1000
Normal Day,319,437,6,1,0.9283430693428093,0.9100838307139224,1.0706521739130435,1.0555555555555556,0.31231884057971016,0.26543209876543217,0.11885499829004083,0.09732357669348494,0,0,6,22,803,0,Acuity mapping,Standard,standard,0,1001
Normal Day,319,437,6,1,0.9283430693428093,0.9100838307139224,1.0706521739130435,1.0555555555555556,0.31231884057971016,0.26543209876543217,0.11885499829004083,0.09732357669348494,0,0,6,22,803,0,Acuity mapping,Standard,standard,0,1002
Normal Day,319,437,6,1,0.9283430693428093,0.9100838307139224,1.0706521739130435,1.0555555555555556,0.31231884057971016,0.26543209876543217,0.11885499829004083,0.09732357669348494,0,0,6,22,803,0,Acuity mapping,Standard,standard,0,1003
Normal Day,319,437,6,1,0.9283430693428093,0.9100838307139224,1.0706521739130435,1.0555555555555556,0.31231884057971016,0.26543209876543217,0.11885499829004083,0.09732357669348494,0,0,6,22,803,0,Acuity mapping,Standard,standard,0,1004
Normal Day,319,437,15,10,1.2185774951249175,1.065605337326923,1.4021739130434783,1.3669354838709677,0.37092391304347827,0.38646673387096775,0.21857749512491764,0.07081367066025646,0,0,52,117,1608,0,Acuity mapping,Demanding,demanding,1,1000
Normal Day,319,437,15,10,1.2185774951249175,1.065605337326923,1.4021739130434783,1.3669354838709677,0.37092391304347827,0.38646673387096775,0.21857749512491764,0.07081367066025646,0,0,52,117,1608,0,Acuity mapping,Demanding,demanding,1,1001
Normal Day,319,437,15,10,1.2185774951249175,1.065605337326923,1.4021739130434783,1.3669354838709677,0.37092391304347827,0.38646673387096775,0.21857749512491764,0.07081367066025646,0,0,52,117,1608,0,Acuity mapping,Demanding,demanding,1,1002
Normal Day,319,437,15,10,1.2185774951249175,1.065605337326923,1.4021739130434783,1.3669354838709677,0.37092391304347827,0.38646673387096775,0.21857749512491764,0.07081367066025646,0,0,52,117,1608,0,Acuity mapping,Demanding,demanding,1,1003
Normal Day,319,437,15,10,1.2185774951249175,1.065605337326923,1.4021739130434783,1.3669354838709677,0.37092391304347827,0.38646673387096775,0.21857749512491764,0.07081367066025646,0,0,52,117,1608,0,Acuity mapping,Demanding,demanding,1,1004
