patient_multiplier,availability,overloaded_before_mean,overloaded_after_mean,avg_ratio_before_mean,avg_ratio_after_mean,max_ratio_before_mean,max_ratio_after_mean,mad_before_mean,mad_after_mean,gap_before_mean,gap_after_mean,transfers_mean,rejected_mean,screened_out_mean,safety_violations_mean,mad_reduction_pct_mean,overloaded_before_std,overloaded_after_std,avg_ratio_before_std,avg_ratio_after_std,max_ratio_before_std,max_ratio_after_std,mad_before_std,mad_after_std,gap_before_std,gap_after_std,transfers_std,rejected_std,screened_out_std,safety_violations_std,mad_reduction_pct_std,safety_violations_total,n_seeds
1.0,100,6.0,1.0,0.9283430693428093,0.9100838307139224,1.0706521739130435,1.0555555555555556,0.11885499829004083,0.09732357669348494,0.0,0.0,6.0,22.0,803.0,0.0,18.115705612996553,0.0,0.0,0.0,0.0,0.0,0.0,0.0,0.0,0.0,0.0,0.0,0.0,0.0,0.0,0.0,0,3
1.0,90,8.666666666666666,3.0,1.0624872832721177,0.9809381014437616,1.5847222222222221,1.156084656084656,0.16140652276222991,0.05087206369973674,3.0,0.3333333333333333,19.666666666666668,38.666666666666664,1140.0,0.0,68.16492337294198,0.47140452079103146,0.0,0.02518055140203335,0.01063939458037291,0.0019641855032959585,0.14216961738142228,0.03653624199782397,0.009064032981245229,1.4142135623730951,0.4714045207910317,1.6996731711975945,4.189935029992177,58.87840577551898,0.0,1.5986049094909158,0,3
1.0,80,12.0,10.0,1.1634044353321413,1.0574848734807647,1.5093253968253968,1.268940620782726,0.18866379610621742,0.07175339199928334,4.666666666666667,0.0,23.666666666666668,106.0,1423.6666666666667,0.0,60.94358997508461,0.0,0.0,0.017672704033809453,0.003766140963620771,0.10762274950321792,0.027775444872814373,0.026708641149706773,0.005968873417338563,1.8856180831641267,0.0,3.091206165165235,3.7416573867739413,6.548960901462835,0.0,7.52887306511293,0,3
1.0,70,14.666666666666666,13.333333333333334,1.3661996907946807,1.18223720808389,2.3222222222222224,1.625,0.37175524635023605,0.18594091178759367,14.0,3.0,30.666666666666668,108.66666666666667,1691.6666666666667,0.0,49.84576879832495,0.4714045207910318,0.9428090415820632,0.03713093509857102,0.012638704429645589,0.5971123930019735,0.23164068599321547,0.03425868895598741,0.013321220540538293,0.816496580927726,2.449489742783178,1.699673171197595,8.259674462242577,70.47615830115095,0.0,2.5186423190757377,0,3
1.1,100,8.0,2.6666666666666665,1.0092685149325114,0.9681744420788814,1.1793478260869563,1.0167082146248811,0.1084716890395767,0.03850330404330909,0.0,0.0,14.333333333333334,44.666666666666664,1058.0,0.0,64.2724336542774,0.816496580927726,0.9428090415820634,0.010343787948302173,0.005267282801051027,0.015999566786825823,0.010283622829182769,0.008494574779485165,0.0007915455749048458,0.0,0.0,2.054804667656325,6.599663291074444,109.63880091767999,0.0,3.0477473360896954,0,3
1.1,90,10.666666666666666,8.333333333333334,1.1197340076782833,1.0685730332788335,1.3769841269841272,1.328954742889169,0.14622729394726955,0.07890207296365752,0.3333333333333333,0.0,14.666666666666666,100.0,1331.0,0.0,47.37048339268213,0.4714045207910318,1.8856180831641265,0.026821942625776193,0.02889011418582593,0.06562633098627467,0.11331320769064637,0.026651959407492383,0.02578685460404815,0.4714045207910317,0.0,4.714045207910317,10.198039027185569,35.185224171518364,0.0,9.498881170121171,0,3
1.1,80,13.666666666666666,9.666666666666666,1.2784594367941864,1.119293013677305,1.673611111111111,1.560763888888889,0.281484525486218,0.12663182785953264,5.0,1.0,42.333333333333336,92.33333333333333,1541.0,0.0,55.686636470523325,0.4714045207910318,3.299831645537222,0.02269768928233146,0.03896350172892712,0.03540985773328319,0.08971680678961266,0.02219139886904665,0.0352979214324094,1.632993161855452,1.4142135623730951,6.64997911442,18.116904322268258,4.320493798938574,0.0,8.644734917580058,0,3
1.1,70,14.666666666666666,13.333333333333334,1.4650749156761584,1.2731518172349572,2.1458333333333335,1.5968137254901962,0.4684937190949617,0.273151817234957,13.666666666666666,2.6666666666666665,32.333333333333336,107.0,1695.3333333333333,0.0,41.331794411181086,0.4714045207910318,1.247219128924647,0.05736672018779538,0.01728710039747239,0.2990145853001525,0.0936571745584772,0.055286534662882844,0.017287100397472274,2.0548046676563256,0.4714045207910317,5.792715732327588,0.816496580927726,52.315283511502535,0.0,3.2009022742056477,0,3
1.2,100,9.666666666666666,9.0,1.1224749791067898,1.0660503435383195,1.3214573268921095,1.3753968253968256,0.15430156659441807,0.07563758621766753,0.0,0.0,16.666666666666668,107.66666666666667,1245.0,0.0,51.00037199966422,0.9428090415820632,1.4142135623730951,0.009286035364671697,0.0014083845756539736,0.02248850068991032,0.07103285447392671,0.001844353951809619,0.004056774970112727,0.0,0.0,3.7712361663282534,11.556623882239812,68.59057272443981,0.0,2.1569487964924385,0,3
1.2,90,14.0,9.333333333333334,1.2552168425735093,1.082713838496437,1.599025974025974,1.4150274676590466,0.2590597832585553,0.09115995378465737,0.6666666666666666,0.0,52.0,87.66666666666667,1517.6666666666667,0.0,64.78147559727229,0.816496580927726,2.4944382578492945,0.01267358423907467,0.007937681093314377,0.08442599003465828,0.04071233926209636,0.014290030247288036,0.0036663067866474627,0.4714045207910317,0.0,2.160246899469287,11.58543146465518,88.60524188155512,0.0,0.5893959887317167,0,3
1.2,80,15.0,12.666666666666666,1.4757137471214647,1.192679880402684,2.381944444444444,1.6302083333333333,0.4757137471214647,0.19360580632860966,7.333333333333333,0.0,56.333333333333336,94.0,1639.0,0.0,58.98676362630934,0.0,0.9428090415820632,0.05333830468101963,0.012450543107769146,0.4104865751703237,0.017404459770627906,0.053338304681019834,0.011413295189291997,2.3570226039551585,0.0,1.6996731711975948,18.708286933869708,4.320493798938574,0.0,3.0847114772127395,0,3
1.2,70,15.0,14.333333333333334,1.6152540075362314,1.4185003380366428,2.263640873015873,1.9202854437229437,0.6152540075362318,0.4185003380366428,13.666666666666666,4.0,31.0,121.66666666666667,1732.3333333333333,0.0,31.921612919192075,0.0,0.9428090415820632,0.03378465061452037,0.026266785175880228,0.030498894202184833,0.22876534751240557,0.03378465061452052,0.026266785175880103,3.299831645537222,2.943920288775949,3.7416573867739413,8.178562764256865,7.586537784494012,0.0,3.3312847466680586,0,3
1.3,100,13.666666666666666,7.666666666666667,1.2128664370867128,1.059455578099609,1.4340579710144927,1.344310035842294,0.21490347412374966,0.06684343179181045,0.0,0.0,51.666666666666664,90.33333333333333,1458.6666666666667,0.0,68.92606070091132,0.47140452079103146,1.8856180831641267,0.014220666212732706,0.004621242383305672,0.06733479007950835,0.007805220156892684,0.014152870771426487,0.006674774586811633,0.0,0.0,3.681787005729086,13.695092389449425,45.98792111945148,0.0,1.9705658299874054,0,3
1.3,90,14.333333333333334,12.0,1.3736625446929895,1.1492875481370761,1.8466905901116428,1.5238340748757413,0.3747736558041004,0.1514039502534782,1.6666666666666667,0.0,59.666666666666664,74.66666666666667,1533.3333333333333,0.0,59.52746016026828,0.4714045207910318,0.816496580927726,0.03580902354075826,0.011549929440847444,0.16543998681123978,0.023649555065373043,0.035006520035684906,0.012280656103168811,1.247219128924647,0.0,0.47140452079103085,9.843215373488933,51.409035090039254,0.0,1.7449335987801011,0,3
1.3,80,14.666666666666666,12.666666666666666,1.500768427711778,1.269987105760731,2.1374999999999997,1.7456597222222223,0.5011387980821486,0.2703574761311012,3.3333333333333335,0.0,55.0,81.33333333333333,1602.3333333333333,0.0,46.04750166263926,0.4714045207910318,1.699673171197595,0.012029908454762617,0.014694244147672234,0.10742137520927514,0.0032479664815745313,0.012553670476629001,0.014901209482574453,0.4714045207910317,0.0,2.943920288775949,13.59738536958076,58.63635580612273,0.0,2.7760970048628155,0,3
1.3,70,15.0,15.0,1.7267105240782559,1.5139158147327008,2.4568223443223443,1.7777777777777777,0.7267105240782558,0.5139158147327006,12.333333333333334,1.3333333333333333,29.0,124.0,1740.0,0.0,29.304178484722726,0.0,0.0,0.013569985603597172,0.024112633996134666,0.29964364202720656,0.02268046058132571,0.01356998560359713,0.02411263399613477,0.9428090415820632,0.4714045207910317,0.816496580927726,4.320493798938574,7.483314773547883,0.0,2.47529679181935,0,3
