nurse_id,primary_skill,secondary_skill,assigned_unit,shift,available
N001,General,,U3,Evening,True
N002,General,Surgical,U3,Night,False
N003,ICU,,U1,Evening,True
N004,ICU,,U1,Morning,True
N005,General,Pediatrics,U3,Morning,True
N006,General,,U3,Night,True
N007,General,Surgical,U3,Evening,True
N008,Pediatrics,Emergency,U4,Evening,True
N009,General,,U3,Morning,True
N010,Surgical,,U5,Morning,True
N011,Emergency,ICU,U2,Evening,True
N012,General,Surgical,U3,Morning,True
N013,General,Surgical,U3,Night,True
N014,General,,U3,Morning,True
N015,General,Emergency,U3,Morning,True
N016,General,Surgical,U3,Evening,True
N017,General,Surgical,U3,Night,True
N018,ICU,Emergency,U1,Morning,True
N019,General,Pediatrics,U3,Night,True
N020,General,Emergency,U3,Night,True
N021,Pediatrics,,U4,Evening,True
N022,General,Emergency,U3,Evening,True
N023,General,Pediatrics,U3,Morning,True
N024,General,Emergency,U3,Evening,True
N025,Surgical,ICU,U5,Night,True
N026,ICU,,U1,Evening,True
N027,General,Emergency,U3,Night,True
N028,General,,U3,Evening,True
N029,General,,U3,Evening,True
N030,General,Surgical,U3,Evening,True
N031,Pediatrics,Emergency,U4,Night,True
N032,General,,U3,Morning,True
N033,General,,U3,Night,True
N034,ICU,Emergency,U1,Evening,True
N035,General,Surgical,U3,Morning,True
N036,ICU,General,U1,Evening,True
N037,Surgical,,U5,Night,True
N038,General,,U3,Morning,True
N039,Surgical,General,U5,Night,True
N040,Emergency,ICU,U2,Evening,False
N041,General,Pediatrics,U3,Evening,False
N042,Surgical,General,U5,Night,True
N043,General,Emergency,U3,Evening,True
N044,General,,U3,Morning,True
N045,General,,U3,Evening,True
N046,Pediatrics,General,U4,Morning,True
N047,General,,U3,Evening,True
N048,General,,U3,Morning,True
N049,Emergency,,U2,Night,True
N050,General,,U3,Night,True
N051,Surgical,,U5,Evening,True
N052,Pediatrics,,U4,Evening,True
N053,General,Emergency,U3,Evening,False
N054,General,,U3,Evening,True
N055,General,Pediatrics,U3,Night,True
N056,Emergency,ICU,U2,Night,True
N057,General,Surgical,U3,Morning,False
N058,General,Emergency,U3,Night,True
N059,General,,U3,Night,True
N060,Surgical,,U5,Evening,True
N061,General,,U3,Night,True
N062,General,,U3,Night,True
N063,General,,U3,Evening,True
N064,General,Surgical,U3,Night,True
N065,Surgical,General,U5,Morning,False
N066,Pediatrics,,U4,Evening,True
N067,General,,U3,Night,True
N068,General,,U3,Night,True
N069,Pediatrics,,U4,Night,True
N070,ICU,General,U1,Morning,True
N071,General,,U3,Evening,True
N072,General,,U3,Evening,True
N073,General,,U3,Morning,True
N074,Pediatrics,General,U4,Night,True
N075,General,Pediatrics,U3,Night,True
N076,Surgical,,U5,Evening,True
N077,General,Surgical,U3,Morning,True
N078,Emergency,,U2,Night,True
N079,General,Surgical,U3,Morning,True
N080,Surgical,,U5,Morning,True
N081,General,Surgical,U3,Morning,True
N082,General,,U3,Morning,True
N083,Surgical,General,U5,Evening,True
N084,General,,U3,Evening,True
N085,General,,U3,Night,False
N086,Pediatrics,,U4,Evening,True
N087,General,,U3,Night,True
N088,General,,U3,Morning,True
N089,General,Surgical,U3,Evening,True
N090,General,Surgical,U3,Morning,True
N091,General,,U3,Evening,False
N092,General,,U3,Morning,True
N093,General,Pediatrics,U3,Night,True
N094,Emergency,,U2,Evening,True
N095,General,Emergency,U3,Evening,False
N096,ICU,,U1,Evening,True
N097,General,,U3,Evening,True
N098,General,,U3,Night,True
N099,Pediatrics,,U4,Night,True
N100,General,,U3,Morning,True
N101,Pediatrics,Emergency,U4,Morning,True
N102,Pediatrics,General,U4,Evening,True
N103,ICU,General,U1,Evening,True
N104,General,Emergency,U3,Morning,False
N105,General,,U3,Morning,True
N106,Emergency,ICU,U2,Evening,True
N107,Pediatrics,Emergency,U4,Morning,True
N108,General,Emergency,U3,Evening,True
N109,General,Surgical,U3,Morning,True
N110,ICU,Emergency,U1,Night,True
N111,General,,U3,Morning,True
N112,General,,U3,Evening,True
N113,General,Emergency,U3,Morning,True
N114,General,Pediatrics,U3,Evening,True
N115,General,Pediatrics,U3,Morning,True
N116,Emergency,ICU,U2,Night,True
N117,ICU,Emergency,U1,Night,True
N118,General,,U3,Morning,True
N119,Emergency,,U2,Evening,True
N120,General,,U3,Evening,False
N121,General,Surgical,U3,Evening,True
N122,General,Pediatrics,U3,Morning,True
N123,Emergency,Surgical,U2,Night,True
N124,Emergency,Surgical,U2,Night,True
N125,Surgical,,U5,Night,False
N126,General,Emergency,U3,Night,True
N127,General,,U3,Morning,True
N128,General,,U3,Morning,True
N129,General,Surgical,U3,Morning,True
N130,General,,U3,Night,True
N131,General,Surgical,U3,Morning,True
N132,General,Emergency,U3,Evening,True
N133,General,Emergency,U3,Morning,True
N134,General,Pediatrics,U3,Morning,True
N135,Surgical,General,U5,Evening,True
N136,General,Pediatrics,U3,Evening,False
N137,General,Surgical,U3,Morning,True
N138,General,Pediatrics,U3,Evening,False
N139,ICU,General,U1,Night,True
N140,General,,U3,Night,True
N141,General,,U3,Morning,True
N142,General,Emergency,U3,Night,True
N143,General,,U3,Morning,True
N144,Emergency,,U2,Evening,True
N145,General,,U3,Night,True
N146,Pediatrics,,U4,Morning,True
N147,General,,U3,Evening,True
N148,Surgical,,U5,Evening,True
N149,Surgical,ICU,U5,Morning,True
N150,Emergency,,U2,Morning,True
N151,General,Emergency,U3,Night,True
N152,General,Surgical,U3,Evening,True
N153,General,Pediatrics,U3,Morning,True
N154,General,,U3,Morning,False
N155,General,,U3,Evening,True
N156,Emergency,Surgical,U2,Morning,True
N157,Emergency,ICU,U2,Morning,True
N158,General,Surgical,U3,Evening,True
N159,General,Emergency,U3,Morning,True
N160,General,Emergency,U3,Night,False
N161,Surgical,General,U5,Night,True
N162,General,Pediatrics,U3,Morning,True
N163,General,,U3,Evening,True
N164,Surgical,ICU,U5,Night,True
N165,General,,U3,Morning,False
N166,Emergency,,U2,Morning,True
N167,General,,U3,Night,True
N168,Emergency,,U2,Morning,True
N169,Pediatrics,Emergency,U4,Morning,True
N170,Pediatrics,General,U4,Evening,False
N171,Pediatrics,,U4,Morning,True
N172,General,Pediatrics,U3,Evening,True
N173,Emergency,General,U2,Evening,True
N174,ICU,,U1,Morning,True
N175,General,,U3,Evening,True
N176,Surgical,General,U5,Morning,True
N177,General,,U3,Evening,True
N178,Emergency,,U2,Evening,True
N179,Emergency,ICU,U2,Morning,False
N180,Emergency,,U2,Evening,True
N181,General,Pediatrics,U3,Night,False
N182,Surgical,ICU,U5,Morning,True
N183,General,Emergency,U3,Evening,True
N184,Surgical,,U5,Night,True
N185,Emergency,,U2,Night,True
N186,General,Pediatrics,U3,Evening,True
N187,General,,U3,Morning,True
N188,General,Pediatrics,U3,Morning,True
N189,ICU,General,U1,Evening,True
N190,Surgical,,U5,Morning,True
N191,Surgical,,U5,Evening,True
N192,Surgical,General,U5,Evening,True
N193,General,,U3,Morning,False
N194,Surgical,General,U5,Morning,True
N195,Pediatrics,,U4,Evening,True
N196,Emergency,,U2,Night,True
N197,Surgical,,U5,Night,True
N198,General,Pediatrics,U3,Night,True
N199,Surgical,ICU,U5,Evening,True
N200,General,Emergency,U3,Morning,True
N201,Emergency,,U2,Evening,True
N202,Surgical,ICU,U5,Morning,True
N203,General,,U3,Evening,True
N204,Surgical,,U5,Morning,True
N205,Surgical,General,U5,Evening,True
N206,Pediatrics,General,U4,Night,True
N207,Surgical,ICU,U5,Morning,False
N208,General,Emergency,U3,Morning,True
N209,Emergency,,U2,Night,False
N210,General,,U3,Evening,True
N211,Surgical,,U5,Morning,True
N212,General,Surgical,U3,Night,True
N213,General,,U3,Morning,True
N214,Emergency,,U2,Night,False
N215,Surgical,,U5,Evening,True
N216,General,Emergency,U3,Night,True
N217,General,,U3,Night,True
N218,General,,U3,Evening,True
N219,General,,U3,Morning,True
N220,General,Emergency,U3,Night,False
N221,ICU,,U1,Night,True
N222,Surgical,General,U5,Night,False
N223,Emergency,,U2,Evening,True
N224,General,,U3,Morning,True
N225,General,Emergency,U3,Morning,True
N226,General,,U3,Evening,True
N227,General,Emergency,U3,Evening,True
N228,General,,U3,Morning,True
N229,ICU,,U1,Night,True
N230,Pediatrics,General,U4,Evening,False
N231,General,,U3,Morning,True
N232,General,,U3,Morning,True
N233,General,,U3,Morning,True
N234,General,Pediatrics,U3,Morning,True
N235,General,Emergency,U3,Evening,True
N236,General,,U3,Evening,True
N237,General,Surgical,U3,Evening,False
N238,General,,U3,Morning,True
N239,General,Pediatrics,U3,Evening,True
N240,Emergency,General,U2,Morning,True
N241,Surgical,,U5,Night,True
N242,General,Emergency,U3,Morning,True
N243,General,Emergency,U3,Evening,True
N244,General,Emergency,U3,Night,True
N245,Emergency,General,U2,Night,True
N246,General,Emergency,U3,Morning,True
N247,General,Emergency,U3,Night,True
N248,Surgical,General,U5,Evening,True
N249,Surgical,General,U5,Evening,True
N250,General,Surgical,U3,Evening,True
N251,General,,U3,Morning,True
N252,General,,U3,Night,True
N253,Emergency,,U2,Morning,True
N254,General,,U3,Evening,True
N255,General,Emergency,U3,Night,False
N256,Surgical,,U5,Evening,True
N257,General,,U3,Evening,True
N258,General,,U3,Evening,True
N259,General,,U3,Morning,True
N260,General,,U3,Night,True
N261,General,Pediatrics,U3,Night,True
N262,General,,U3,Evening,False
N263,General,Pediatrics,U3,Night,True
N264,General,Pediatrics,U3,Evening,True
N265,General,Emergency,U3,Evening,True
N266,General,,U3,Morning,False
N267,General,,U3,Night,True
N268,General,Surgical,U3,Night,True
N269,General,Pediatrics,U3,Morning,True
N270,Surgical,,U5,Morning,False
N271,Surgical,,U5,Morning,True
N272,Emergency,General,U2,Morning,True
N273,Emergency,General,U2,Night,True
N274,Pediatrics,,U4,Night,True
N275,Pediatrics,,U4,Night,True
N276,General,Pediatrics,U3,Night,True
N277,Surgical,General,U5,Morning,True
N278,General,,U3,Evening,False
N279,Emergency,,U2,Evening,True
N280,General,,U3,Evening,True
N281,General,,U3,Evening,False
N282,Surgical,,U5,Morning,True
N283,General,,U3,Night,True
N284,Emergency,,U2,Morning,True
N285,Emergency,,U2,Night,True
N286,General,Surgical,U3,Night,True
N287,General,,U3,Night,True
N288,Surgical,,U5,Morning,True
N289,General,,U3,Night,True
N290,Surgical,,U5,Evening,True
N291,General,Emergency,U3,Evening,False
N292,Surgical,ICU,U5,Night,True
N293,Emergency,General,U2,Evening,True
N294,General,Emergency,U3,Evening,True
N295,General,,U3,Evening,True
N296,General,,U3,Evening,True
N297,General,,U3,Morning,True
N298,Surgical,,U5,Morning,True
N299,General,Pediatrics,U3,Evening,True
N300,Emergency,,U2,Evening,True
N301,General,Surgical,U3,Evening,True
N302,Emergency,ICU,U2,Evening,True
N303,Surgical,,U5,Night,True
N304,ICU,,U1,Night,True
N305,Surgical,General,U5,Morning,True
N306,General,,U3,Night,False
N307,ICU,Emergency,U1,Morning,True
N308,Pediatrics,,U4,Night,True
N309,General,,U3,Morning,True
N310,General,Emergency,U3,Evening,True
N311,ICU,Emergency,U1,Morning,True
N312,General,,U3,Night,True
N313,Emergency,,U2,Morning,True
N314,Surgical,General,U5,Night,True
N315,ICU,General,U1,Night,True
N316,Pediatrics,Emergency,U4,Morning,True
N317,Surgical,,U5,Morning,True
N318,General,Emergency,U3,Morning,True
N319,Surgical,,U5,Night,True
N320,General,,U3,Evening,True
N321,General,,U3,Evening,True
N322,Emergency,General,U2,Morning,True
N323,ICU,General,U1,Morning,True
N324,General,,U3,Night,True
N325,Emergency,,U2,Evening,True
N326,General,,U3,Morning,True
N327,ICU,,U1,Night,True
N328,General,Surgical,U3,Night,True
N329,General,Pediatrics,U3,Morning,True
N330,General,Surgical,U3,Night,True
N331,General,,U3,Morning,True
N332,Surgical,General,U5,Night,True
N333,General,Pediatrics,U3,Night,False
N334,General,Emergency,U3,Night,True
N335,General,,U3,Night,True
N336,Pediatrics,General,U4,Night,True
N337,General,,U3,Evening,True
N338,General,,U3,Evening,True
N339,Surgical,General,U5,Morning,True
N340,General,,U3,Morning,True
N341,Emergency,ICU,U2,Evening,True
N342,General,Emergency,U3,Morning,True
N343,Pediatrics,,U4,Morning,True
N344,Surgical,ICU,U5,Evening,True
N345,ICU,Emergency,U1,Evening,True
N346,Surgical,,U5,Evening,True
N347,Surgical,,U5,Morning,True
N348,General,Pediatrics,U3,Morning,True
N349,General,,U3,Morning,True
N350,General,Emergency,U3,Night,True
N351,Pediatrics,,U4,Evening,False
N352,ICU,,U1,Evening,True
N353,General,,U3,Night,True
N354,General,,U3,Night,True
N355,Surgical,ICU,U5,Night,True
N356,General,,U3,Morning,True
N357,General,Surgical,U3,Evening,True
N358,General,Pediatrics,U3,Night,True
N359,Emergency,General,U2,Evening,True
N360,General,Pediatrics,U3,Night,True
N361,Surgical,,U5,Night,True
N362,General,Emergency,U3,Morning,True
N363,Surgical,ICU,U5,Night,True
N364,Surgical,,U5,Morning,True
N365,Surgical,ICU,U5,Evening,True
N366,Surgical,,U5,Night,False
N367,Surgical,,U5,Evening,True
N368,General,,U3,Evening,True
N369,Surgical,General,U5,Morning,True
N370,Surgical,,U5,Evening,False
N371,General,Emergency,U3,Night,True
N372,General,Surgical,U3,Night,True
N373,General,,U3,Night,True
N374,General,Surgical,U3,Evening,True
N375,Emergency,,U2,Evening,True
N376,Pediatrics,,U4,Morning,True
N377,General,Surgical,U3,Evening,True
N378,Surgical,ICU,U5,Evening,True
N379,General,Pediatrics,U3,Morning,True
N380,General,Pediatrics,U3,Evening,True
N381,General,Pediatrics,U3,Morning,True
N382,Surgical,General,U5,Evening,True
N383,ICU,,U1,Morning,True
N384,Surgical,,U5,Morning,True
N385,Pediatrics,General,U4,Evening,False
N386,General,Surgical,U3,Night,True
N387,Pediatrics,Emergency,U4,Evening,True
N388,General,,U3,Evening,True
N389,General,,U3,Night,True
N390,Surgical,,U5,Evening,False
N391,Surgical,ICU,U5,Morning,True
N392,General,Emergency,U3,Morning,True
N393,General,,U3,Evening,True
N394,General,Emergency,U3,Evening,True
N395,General,,U3,Morning,True
N396,General,Surgical,U3,Evening,True
N397,General,,U3,Morning,True
N398,General,,U3,Evening,False
N399,Pediatrics,,U4,Evening,True
N400,Surgical,,U5,Evening,True
N401,General,,U3,Night,True
N402,Surgical,General,U5,Night,True
N403,General,,U3,Evening,True
N404,Pediatrics,,U4,Morning,False
N405,General,Emergency,U3,Evening,True
N406,General,Emergency,U3,Night,False
N407,Pediatrics,,U4,Night,True
N408,Pediatrics,General,U4,Night,True
N409,Surgical,,U5,Evening,False
N410,Pediatrics,,U4,Night,True
N411,Emergency,General,U2,Morning,True
N412,Pediatrics,,U4,Night,True
N413,General,Emergency,U3,Evening,True
N414,Pediatrics,Emergency,U4,Evening,True
N415,General,Pediatrics,U3,Night,True
N416,Surgical,,U5,Night,True
N417,General,,U3,Night,True
N418,Surgical,,U5,Night,True
N419,General,,U3,Evening,True
N420,General,Surgical,U3,Morning,True
N421,Pediatrics,,U4,Night,True
N422,General,,U3,Night,True
N423,General,,U3,Evening,True
N424,Emergency,,U2,Night,True
N425,General,,U3,Morning,True
N426,Surgical,ICU,U5,Evening,True
N427,General,,U3,Evening,True
N428,General,,U3,Night,True
N429,Emergency,,U2,Evening,True
N430,General,,U3,Night,False
N431,Emergency,,U2,Evening,True
N432,Surgical,General,U5,Evening,False
N433,General,Surgical,U3,Night,True
N434,General,,U3,Evening,False
N435,Surgical,,U5,Morning,True
N436,Emergency,Surgical,U2,Morning,True
N437,Pediatrics,Emergency,U4,Evening,True
N438,General,,U3,Night,True
N439,Pediatrics,Emergency,U4,Evening,False
N440,Surgical,General,U5,Morning,True
N441,General,,U3,Morning,True
N442,General,Pediatrics,U3,Morning,True
N443,General,,U3,Evening,True
N444,General,Surgical,U3,Night,True
N445,Surgical,,U5,Evening,True
N446,General,,U3,Night,False
N447,Pediatrics,Emergency,U4,Evening,True
N448,General,,U3,Night,True
N449,Pediatrics,,U4,Morning,True
N450,General,Pediatrics,U3,Night,True
N451,General,Pediatrics,U3,Night,True
N452,General,,U3,Evening,True
N453,Emergency,,U2,Night,True
N454,General,,U3,Night,False
N455,Surgical,,U5,Morning,True
N456,General,Pediatrics,U3,Evening,False
N457,General,,U3,Morning,True
N458,General,Emergency,U3,Evening,True
N459,General,Emergency,U3,Morning,False
N460,Emergency,,U2,Morning,True
N461,General,,U3,Night,True
N462,General,Surgical,U3,Evening,True
N463,Surgical,General,U5,Evening,True
N464,ICU,,U1,Night,True
N465,Pediatrics,,U4,Morning,True
N466,General,Surgical,U3,Evening,True
N467,Surgical,ICU,U5,Evening,True
N468,General,Surgical,U3,Night,True
N469,General,,U3,Night,True
N470,Surgical,ICU,U5,Night,True
N471,ICU,General,U1,Morning,True
N472,Surgical,General,U5,Morning,True
N473,Pediatrics,Emergency,U4,Night,True
N474,General,,U3,Night,True
N475,Emergency,Surgical,U2,Night,True
N476,Surgical,General,U5,Night,True
N477,General,Pediatrics,U3,Night,True
N478,General,,U3,Morning,False
N479,General,Surgical,U3,Night,True
N480,General,,U3,Night,False
N481,General,Surgical,U3,Evening,True
N482,Surgical,,U5,Morning,True
N483,General,,U3,Night,True
N484,Emergency,,U2,Night,True
N485,Pediatrics,,U4,Morning,True
N486,Emergency,General,U2,Morning,True
N487,General,Emergency,U3,Morning,True
N488,Surgical,,U5,Morning,True
N489,General,Emergency,U3,Night,False
N490,Surgical,General,U5,Evening,True
N491,Surgical,General,U5,Morning,False
N492,General,,U3,Night,True
N493,Surgical,ICU,U5,Morning,True
N494,General,Pediatrics,U3,Evening,True
N495,Surgical,ICU,U5,Night,True
