patient_id,unit_id,acuity_score,estimated_nursing_hours,consent_status
P0001,U1,4,6,Granted
P0002,U1,2,2,Pending
P0003,U1,2,2,Granted
P0004,U1,5,8,Granted
P0005,U1,4,6,Granted
P0006,U1,3,4,Pending
P0007,U1,5,8,Granted
P0008,U1,3,4,Granted
P0009,U1,4,6,Granted
P0010,U1,4,6,Granted
P0011,U1,5,8,Granted
P0012,U1,5,8,Granted
P0013,U1,3,4,Granted
P0014,U1,3,4,Granted
P0015,U2,3,4,Granted
P0016,U2,1,1,Granted
P0017,U2,2,2,Granted
P0018,U2,5,8,Granted
P0019,U2,4,6,Granted
P0020,U2,3,4,Granted
P0021,U2,3,4,Granted
P0022,U2,5,8,Pending
P0023,U2,3,4,Granted
P0024,U2,5,8,Granted
P0025,U2,5,8,Granted
P0026,U2,1,1,Granted
P0027,U2,2,2,Granted
P0028,U2,4,6,Granted
P0029,U2,2,2,Granted
P0030,U2,2,2,Granted
P0031,U2,2,2,Granted
P0032,U2,3,4,Granted
P0033,U2,1,1,Granted
P0034,U2,3,4,Granted
P0035,U2,3,4,Granted
P0036,U2,2,2,Granted
P0037,U2,2,2,Granted
P0038,U2,3,4,Granted
P0039,U2,2,2,Granted
P0040,U2,3,4,Pending
P0041,U2,3,4,Granted
P0042,U2,1,1,Granted
P0043,U2,3,4,Granted
P0044,U2,1,1,Granted
P0045,U2,3,4,Granted
P0046,U2,1,1,Pending
P0047,U2,3,4,Granted
P0048,U2,4,6,Granted
P0049,U2,2,2,Pending
P0050,U2,1,1,Granted
P0051,U3,2,2,Granted
P0052,U3,2,2,Granted
P0053,U3,3,4,Granted
P0054,U3,1,1,Granted
P0055,U3,1,1,Granted
P0056,U3,3,4,Granted
P0057,U3,2,2,Granted
P0058,U3,2,2,Granted
P0059,U3,3,4,Granted
P0060,U3,3,4,Granted
P0061,U3,3,4,Granted
P0062,U3,2,2,Granted
P0063,U3,1,1,Granted
P0064,U3,1,1,Granted
P0065,U3,2,2,Granted
P0066,U3,3,4,Granted
P0067,U3,2,2,Granted
P0068,U3,3,4,Granted
P0069,U3,3,4,Granted
P0070,U3,2,2,Granted
P0071,U3,1,1,Granted
P0072,U3,2,2,Granted
P0073,U3,4,6,Granted
P0074,U3,4,6,Pending
P0075,U3,3,4,Granted
P0076,U3,3,4,Granted
P0077,U3,3,4,Granted
P0078,U3,3,4,Granted
P0079,U3,3,4,Granted
P0080,U3,2,2,Granted
P0081,U3,2,2,Pending
P0082,U3,2,2,Granted
P0083,U3,4,6,Granted
P0084,U3,3,4,Granted
P0085,U3,3,4,Pending
P0086,U3,2,2,Granted
P0087,U3,2,2,Granted
P0088,U3,3,4,Granted
P0089,U3,3,4,Granted
P0090,U3,1,1,Pending
P0091,U3,4,6,Granted
P0092,U3,1,1,Granted
P0093,U3,3,4,Granted
P0094,U3,2,2,Granted
P0095,U3,2,2,Granted
P0096,U3,5,8,Granted
P0097,U3,3,4,Granted
P0098,U3,2,2,Granted
P0099,U3,3,4,Granted
P0100,U3,3,4,Granted
P0101,U3,2,2,Granted
P0102,U3,4,6,Granted
P0103,U3,4,6,Granted
P0104,U3,2,2,Granted
P0105,U3,3,4,Granted
P0106,U3,1,1,Granted
P0107,U3,1,1,Granted
P0108,U3,3,4,Granted
P0109,U3,4,6,Granted
P0110,U3,2,2,Granted
P0111,U3,2,2,Pending
P0112,U3,2,2,Granted
P0113,U3,2,2,Granted
P0114,U3,3,4,Granted
P0115,U3,4,6,Granted
P0116,U3,3,4,Pending
P0117,U3,3,4,Granted
P0118,U3,3,4,Granted
P0119,U3,2,2,Granted
P0120,U3,4,6,Granted
P0121,U3,3,4,Granted
P0122,U3,2,2,Granted
P0123,U3,3,4,Granted
P0124,U3,3,4,Granted
P0125,U3,2,2,Granted
P0126,U3,2,2,Pending
P0127,U3,4,6,Granted
P0128,U3,2,2,Granted
P0129,U3,2,2,Granted
P0130,U3,4,6,Granted
P0131,U3,4,6,Granted
P0132,U3,3,4,Granted
P0133,U3,2,2,Granted
P0134,U3,1,1,Granted
P0135,U3,1,1,Granted
P0136,U3,2,2,Granted
P0137,U3,1,1,Granted
P0138,U3,3,4,Granted
P0139,U3,1,1,Granted
P0140,U3,1,1,Granted
P0141,U3,2,2,Granted
P0142,U3,3,4,Pending
P0143,U3,1,1,Granted
P0144,U3,1,1,Granted
P0145,U3,4,6,Granted
P0146,U3,3,4,Granted
P0147,U3,4,6,Granted
P0148,U3,1,1,Granted
P0149,U3,3,4,Granted
P0150,U3,1,1,Granted
P0151,U3,3,4,Granted
P0152,U3,3,4,Granted
P0153,U3,1,1,Granted
P0154,U3,1,1,Granted
P0155,U3,3,4,Granted
P0156,U3,2,2,Granted
P0157,U3,2,2,Granted
P0158,U3,3,4,Granted
P0159,U3,3,4,Granted
P0160,U3,3,4,Granted
P0161,U3,3,4,Granted
P0162,U3,4,6,Granted
P0163,U3,5,8,Granted
P0164,U3,2,2,Granted
P0165,U3,1,1,Granted
P0166,U3,3,4,Granted
P0167,U3,2,2,Granted
P0168,U3,3,4,Granted
P0169,U3,1,1,Granted
P0170,U3,1,1,Granted
P0171,U3,2,2,Granted
P0172,U3,2,2,Granted
P0173,U3,1,1,Granted
P0174,U3,4,6,Granted
P0175,U3,2,2,Granted
P0176,U3,1,1,Granted
P0177,U3,1,1,Granted
P0178,U3,1,1,Granted
P0179,U3,2,2,Granted
P0180,U3,3,4,Granted
P0181,U3,3,4,Granted
P0182,U3,2,2,Granted
P0183,U3,3,4,Granted
P0184,U3,2,2,Granted
P0185,U3,1,1,Granted
P0186,U3,2,2,Granted
P0187,U3,1,1,Granted
P0188,U3,1,1,Granted
P0189,U3,1,1,Granted
P0190,U3,2,2,Pending
P0191,U3,2,2,Granted
P0192,U3,2,2,Granted
P0193,U3,4,6,Granted
P0194,U3,2,2,Granted
P0195,U3,3,4,Granted
P0196,U3,4,6,Granted
P0197,U3,2,2,Pending
P0198,U3,1,1,Granted
P0199,U3,1,1,Pending
P0200,U3,3,4,Granted
P0201,U3,3,4,Granted
P0202,U3,2,2,Granted
P0203,U3,3,4,Granted
P0204,U3,1,1,Granted
P0205,U3,3,4,Granted
P0206,U3,3,4,Granted
P0207,U3,2,2,Granted
P0208,U3,3,4,Granted
P0209,U3,2,2,Granted
P0210,U3,2,2,Granted
P0211,U3,2,2,Granted
P0212,U3,1,1,Granted
P0213,U3,3,4,Granted
P0214,U3,5,8,Granted
P0215,U3,2,2,Granted
P0216,U3,1,1,Granted
P0217,U3,3,4,Granted
P0218,U3,2,2,Granted
P0219,U3,1,1,Granted
P0220,U3,2,2,Granted
P0221,U3,1,1,Granted
P0222,U3,3,4,Pending
P0223,U3,2,2,Granted
P0224,U4,3,4,Granted
P0225,U4,1,1,Granted
P0226,U4,1,1,Granted
P0227,U4,3,4,Granted
P0228,U4,2,2,Granted
P0229,U4,3,4,Granted
P0230,U4,1,1,Granted
P0231,U4,1,1,Granted
P0232,U4,4,6,Granted
P0233,U4,1,1,Granted
P0234,U4,2,2,Granted
P0235,U4,1,1,Granted
P0236,U4,2,2,Pending
P0237,U4,1,1,Granted
P0238,U4,3,4,Pending
P0239,U4,1,1,Granted
P0240,U4,2,2,Granted
P0241,U4,2,2,Granted
P0242,U4,4,6,Granted
P0243,U4,3,4,Granted
P0244,U4,2,2,Granted
P0245,U4,3,4,Granted
P0246,U4,2,2,Granted
P0247,U4,1,1,Granted
P0248,U4,1,1,Granted
P0249,U4,1,1,Granted
P0250,U4,2,2,Granted
P0251,U4,2,2,Granted
P0252,U4,2,2,Granted
P0253,U4,2,2,Granted
P0254,U4,2,2,Pending
P0255,U4,1,1,Granted
P0256,U4,3,4,Pending
P0257,U4,2,2,Granted
P0258,U4,1,1,Granted
P0259,U4,2,2,Granted
P0260,U4,2,2,Granted
P0261,U4,2,2,Pending
P0262,U4,3,4,Granted
P0263,U4,2,2,Granted
P0264,U5,2,2,Granted
P0265,U5,4,6,Granted
P0266,U5,3,4,Granted
P0267,U5,1,1,Pending
P0268,U5,2,2,Granted
P0269,U5,2,2,Granted
P0270,U5,3,4,Granted
P0271,U5,5,8,Granted
P0272,U5,2,2,Granted
P0273,U5,3,4,Granted
P0274,U5,4,6,Granted
P0275,U5,2,2,Granted
P0276,U5,3,4,Granted
P0277,U5,2,2,Granted
P0278,U5,2,2,Granted
P0279,U5,2,2,Granted
P0280,U5,2,2,Granted
P0281,U5,2,2,Granted
P0282,U5,4,6,Granted
P0283,U5,3,4,Granted
P0284,U5,4,6,Granted
P0285,U5,2,2,Granted
P0286,U5,2,2,Granted
P0287,U5,2,2,Granted
P0288,U5,2,2,Granted
P0289,U5,3,4,Granted
P0290,U5,4,6,Granted
P0291,U5,2,2,Granted
P0292,U5,1,1,Granted
P0293,U5,1,1,Granted
P0294,U5,1,1,Granted
P0295,U5,3,4,Granted
P0296,U5,3,4,Granted
P0297,U5,2,2,Granted
P0298,U5,2,2,Granted
P0299,U5,4,6,Granted
P0300,U5,4,6,Granted
P0301,U5,1,1,Granted
P0302,U5,2,2,Granted
P0303,U5,5,8,Granted
P0304,U5,4,6,Pending
P0305,U5,4,6,Granted
P0306,U5,4,6,Granted
P0307,U5,2,2,Granted
P0308,U5,3,4,Pending
P0309,U5,3,4,Granted
P0310,U5,3,4,Granted
P0311,U5,3,4,Granted
P0312,U5,1,1,Granted
P0313,U5,5,8,Granted
P0314,U5,2,2,Granted
P0315,U5,1,1,Granted
P0316,U5,3,4,Granted
P0317,U5,3,4,Granted
P0318,U5,3,4,Granted
P0319,U5,4,6,Granted
