nurse_id,shift,assigned_unit,availability_status
N001,Evening,U3,Available
N002,Night,U3,Unavailable
N003,Evening,U1,Available
N004,Morning,U1,Available
N005,Morning,U3,Available
N006,Night,U3,Available
N007,Evening,U3,Available
N008,Evening,U4,Available
N009,Morning,U3,Available
N010,Morning,U5,Available
N011,Evening,U2,Available
N012,Morning,U3,Available
N013,Night,U3,Available
N014,Morning,U3,Available
N015,Morning,U3,Available
N016,Evening,U3,Available
N017,Night,U3,Available
N018,Morning,U1,Available
N019,Night,U3,Available
N020,Night,U3,Available
N021,Evening,U4,Available
N022,Evening,U3,Available
N023,Morning,U3,Available
N024,Evening,U3,Available
N025,Night,U5,Available
N026,Evening,U1,Available
N027,Night,U3,Available
N028,Evening,U3,Available
N029,Evening,U3,Available
N030,Evening,U3,Available
N031,Night,U4,Available
N032,Morning,U3,Available
N033,Night,U3,Available
N034,Evening,U1,Available
N035,Morning,U3,Available
N036,Evening,U1,Available
N037,Night,U5,Available
N038,Morning,U3,Available
N039,Night,U5,Available
N040,Evening,U2,Unavailable
N041,Evening,U3,Unavailable
N042,Night,U5,Available
N043,Evening,U3,Available
N044,Morning,U3,Available
N045,Evening,U3,Available
N046,Morning,U4,Available
N047,Evening,U3,Available
N048,Morning,U3,Available
N049,Night,U2,Available
N050,Night,U3,Available
N051,Evening,U5,Available
N052,Evening,U4,Available
N053,Evening,U3,Unavailable
N054,Evening,U3,Available
N055,Night,U3,Available
N056,Night,U2,Available
N057,Morning,U3,Unavailable
N058,Night,U3,Available
N059,Night,U3,Available
N060,Evening,U5,Available
N061,Night,U3,Available
N062,Night,U3,Available
N063,Evening,U3,Available
N064,Night,U3,Available
N065,Morning,U5,Unavailable
N066,Evening,U4,Available
N067,Night,U3,Available
N068,Night,U3,Available
N069,Night,U4,Available
N070,Morning,U1,Available
N071,Evening,U3,Available
N072,Evening,U3,Available
N073,Morning,U3,Available
N074,Night,U4,Available
N075,Night,U3,Available
N076,Evening,U5,Available
N077,Morning,U3,Available
N078,Night,U2,Available
N079,Morning,U3,Available
N080,Morning,U5,Available
N081,Morning,U3,Available
N082,Morning,U3,Available
N083,Evening,U5,Available
N084,Evening,U3,Available
N085,Night,U3,Unavailable
N086,Evening,U4,Available
N087,Night,U3,Available
N088,Morning,U3,Available
N089,Evening,U3,Available
N090,Morning,U3,Available
N091,Evening,U3,Unavailable
N092,Morning,U3,Available
N093,Night,U3,Available
N094,Evening,U2,Available
N095,Evening,U3,Unavailable
N096,Evening,U1,Available
N097,Evening,U3,Available
N098,Night,U3,Available
N099,Night,U4,Available
N100,Morning,U3,Available
N101,Morning,U4,Available
N102,Evening,U4,Available
N103,Evening,U1,Available
N104,Morning,U3,Unavailable
N105,Morning,U3,Available
N106,Evening,U2,Available
N107,Morning,U4,Available
N108,Evening,U3,Available
N109,Morning,U3,Available
N110,Night,U1,Available
N111,Morning,U3,Available
N112,Evening,U3,Available
N113,Morning,U3,Available
N114,Evening,U3,Available
N115,Morning,U3,Available
N116,Night,U2,Available
N117,Night,U1,Available
N118,Morning,U3,Available
N119,Evening,U2,Available
N120,Evening,U3,Unavailable
N121,Evening,U3,Available
N122,Morning,U3,Available
N123,Night,U2,Available
N124,Night,U2,Available
N125,Night,U5,Unavailable
N126,Night,U3,Available
N127,Morning,U3,Available
N128,Morning,U3,Available
N129,Morning,U3,Available
N130,Night,U3,Available
N131,Morning,U3,Available
N132,Evening,U3,Available
N133,Morning,U3,Available
N134,Morning,U3,Available
N135,Evening,U5,Available
N136,Evening,U3,Unavailable
N137,Morning,U3,Available
N138,Evening,U3,Unavailable
N139,Night,U1,Available
N140,Night,U3,Available
N141,Morning,U3,Available
N142,Night,U3,Available
N143,Morning,U3,Available
N144,Evening,U2,Available
N145,Night,U3,Available
N146,Morning,U4,Available
N147,Evening,U3,Available
N148,Evening,U5,Available
N149,Morning,U5,Available
N150,Morning,U2,Available
N151,Night,U3,Available
N152,Evening,U3,Available
N153,Morning,U3,Available
N154,Morning,U3,Unavailable
N155,Evening,U3,Available
N156,Morning,U2,Available
N157,Morning,U2,Available
N158,Evening,U3,Available
N159,Morning,U3,Available
N160,Night,U3,Unavailable
N161,Night,U5,Available
N162,Morning,U3,Available
N163,Evening,U3,Available
N164,Night,U5,Available
N165,Morning,U3,Unavailable
N166,Morning,U2,Available
N167,Night,U3,Available
N168,Morning,U2,Available
N169,Morning,U4,Available
N170,Evening,U4,Unavailable
N171,Morning,U4,Available
N172,Evening,U3,Available
N173,Evening,U2,Available
N174,Morning,U1,Available
N175,Evening,U3,Available
N176,Morning,U5,Available
N177,Evening,U3,Available
N178,Evening,U2,Available
N179,Morning,U2,Unavailable
N180,Evening,U2,Available
N181,Night,U3,Unavailable
N182,Morning,U5,Available
N183,Evening,U3,Available
N184,Night,U5,Available
N185,Night,U2,Available
N186,Evening,U3,Available
N187,Morning,U3,Available
N188,Morning,U3,Available
N189,Evening,U1,Available
N190,Morning,U5,Available
N191,Evening,U5,Available
N192,Evening,U5,Available
N193,Morning,U3,Unavailable
N194,Morning,U5,Available
N195,Evening,U4,Available
N196,Night,U2,Available
N197,Night,U5,Available
N198,Night,U3,Available
N199,Evening,U5,Available
N200,Morning,U3,Available
N201,Evening,U2,Available
N202,Morning,U5,Available
N203,Evening,U3,Available
N204,Morning,U5,Available
N205,Evening,U5,Available
N206,Night,U4,Available
N207,Morning,U5,Unavailable
N208,Morning,U3,Available
N209,Night,U2,Unavailable
N210,Evening,U3,Available
N211,Morning,U5,Available
N212,Night,U3,Available
N213,Morning,U3,Available
N214,Night,U2,Unavailable
N215,Evening,U5,Available
N216,Night,U3,Available
N217,Night,U3,Available
N218,Evening,U3,Available
N219,Morning,U3,Available
N220,Night,U3,Unavailable
N221,Night,U1,Available
N222,Night,U5,Unavailable
N223,Evening,U2,Available
N224,Morning,U3,Available
N225,Morning,U3,Available
N226,Evening,U3,Available
N227,Evening,U3,Available
N228,Morning,U3,Available
N229,Night,U1,Available
N230,Evening,U4,Unavailable
N231,Morning,U3,Available
N232,Morning,U3,Available
N233,Morning,U3,Available
N234,Morning,U3,Available
N235,Evening,U3,Available
N236,Evening,U3,Available
N237,Evening,U3,Unavailable
N238,Morning,U3,Available
N239,Evening,U3,Available
N240,Morning,U2,Available
N241,Night,U5,Available
N242,Morning,U3,Available
N243,Evening,U3,Available
N244,Night,U3,Available
N245,Night,U2,Available
N246,Morning,U3,Available
N247,Night,U3,Available
N248,Evening,U5,Available
N249,Evening,U5,Available
N250,Evening,U3,Available
N251,Morning,U3,Available
N252,Night,U3,Available
N253,Morning,U2,Available
N254,Evening,U3,Available
N255,Night,U3,Unavailable
N256,Evening,U5,Available
N257,Evening,U3,Available
N258,Evening,U3,Available
N259,Morning,U3,Available
N260,Night,U3,Available
N261,Night,U3,Available
N262,Evening,U3,Unavailable
N263,Night,U3,Available
N264,Evening,U3,Available
N265,Evening,U3,Available
N266,Morning,U3,Unavailable
N267,Night,U3,Available
N268,Night,U3,Available
N269,Morning,U3,Available
N270,Morning,U5,Unavailable
N271,Morning,U5,Available
N272,Morning,U2,Available
N273,Night,U2,Available
N274,Night,U4,Available
N275,Night,U4,Available
N276,Night,U3,Available
N277,Morning,U5,Available
N278,Evening,U3,Unavailable
N279,Evening,U2,Available
N280,Evening,U3,Available
N281,Evening,U3,Unavailable
N282,Morning,U5,Available
N283,Night,U3,Available
N284,Morning,U2,Available
N285,Night,U2,Available
N286,Night,U3,Available
N287,Night,U3,Available
N288,Morning,U5,Available
N289,Night,U3,Available
N290,Evening,U5,Available
N291,Evening,U3,Unavailable
N292,Night,U5,Available
N293,Evening,U2,Available
N294,Evening,U3,Available
N295,Evening,U3,Available
N296,Evening,U3,Available
N297,Morning,U3,Available
N298,Morning,U5,Available
N299,Evening,U3,Available
N300,Evening,U2,Available
N301,Evening,U3,Available
N302,Evening,U2,Available
N303,Night,U5,Available
N304,Night,U1,Available
N305,Morning,U5,Available
N306,Night,U3,Unavailable
N307,Morning,U1,Available
N308,Night,U4,Available
N309,Morning,U3,Available
N310,Evening,U3,Available
N311,Morning,U1,Available
N312,Night,U3,Available
N313,Morning,U2,Available
N314,Night,U5,Available
N315,Night,U1,Available
N316,Morning,U4,Available
N317,Morning,U5,Available
N318,Morning,U3,Available
N319,Night,U5,Available
N320,Evening,U3,Available
N321,Evening,U3,Available
N322,Morning,U2,Available
N323,Morning,U1,Available
N324,Night,U3,Available
N325,Evening,U2,Available
N326,Morning,U3,Available
N327,Night,U1,Available
N328,Night,U3,Available
N329,Morning,U3,Available
N330,Night,U3,Available
N331,Morning,U3,Available
N332,Night,U5,Available
N333,Night,U3,Unavailable
N334,Night,U3,Available
N335,Night,U3,Available
N336,Night,U4,Available
N337,Evening,U3,Available
N338,Evening,U3,Available
N339,Morning,U5,Available
N340,Morning,U3,Available
N341,Evening,U2,Available
N342,Morning,U3,Available
N343,Morning,U4,Available
N344,Evening,U5,Available
N345,Evening,U1,Available
N346,Evening,U5,Available
N347,Morning,U5,Available
N348,Morning,U3,Available
N349,Morning,U3,Available
N350,Night,U3,Available
N351,Evening,U4,Unavailable
N352,Evening,U1,Available
N353,Night,U3,Available
N354,Night,U3,Available
N355,Night,U5,Available
N356,Morning,U3,Available
N357,Evening,U3,Available
N358,Night,U3,Available
N359,Evening,U2,Available
N360,Night,U3,Available
N361,Night,U5,Available
N362,Morning,U3,Available
N363,Night,U5,Available
N364,Morning,U5,Available
N365,Evening,U5,Available
N366,Night,U5,Unavailable
N367,Evening,U5,Available
N368,Evening,U3,Available
N369,Morning,U5,Available
N370,Evening,U5,Unavailable
N371,Night,U3,Available
N372,Night,U3,Available
N373,Night,U3,Available
N374,Evening,U3,Available
N375,Evening,U2,Available
N376,Morning,U4,Available
N377,Evening,U3,Available
N378,Evening,U5,Available
N379,Morning,U3,Available
N380,Evening,U3,Available
N381,Morning,U3,Available
N382,Evening,U5,Available
N383,Morning,U1,Available
N384,Morning,U5,Available
N385,Evening,U4,Unavailable
N386,Night,U3,Available
N387,Evening,U4,Available
N388,Evening,U3,Available
N389,Night,U3,Available
N390,Evening,U5,Unavailable
N391,Morning,U5,Available
N392,Morning,U3,Available
N393,Evening,U3,Available
N394,Evening,U3,Available
N395,Morning,U3,Available
N396,Evening,U3,Available
N397,Morning,U3,Available
N398,Evening,U3,Unavailable
N399,Evening,U4,Available
N400,Evening,U5,Available
N401,Night,U3,Available
N402,Night,U5,Available
N403,Evening,U3,Available
N404,Morning,U4,Unavailable
N405,Evening,U3,Available
N406,Night,U3,Unavailable
N407,Night,U4,Available
N408,Night,U4,Available
N409,Evening,U5,Unavailable
N410,Night,U4,Available
N411,Morning,U2,Available
N412,Night,U4,Available
N413,Evening,U3,Available
N414,Evening,U4,Available
N415,Night,U3,Available
N416,Night,U5,Available
N417,Night,U3,Available
N418,Night,U5,Available
N419,Evening,U3,Available
N420,Morning,U3,Available
N421,Night,U4,Available
N422,Night,U3,Available
N423,Evening,U3,Available
N424,Night,U2,Available
N425,Morning,U3,Available
N426,Evening,U5,Available
N427,Evening,U3,Available
N428,Night,U3,Available
N429,Evening,U2,Available
N430,Night,U3,Unavailable
N431,Evening,U2,Available
N432,Evening,U5,Unavailable
N433,Night,U3,Available
N434,Evening,U3,Unavailable
N435,Morning,U5,Available
N436,Morning,U2,Available
N437,Evening,U4,Available
N438,Night,U3,Available
N439,Evening,U4,Unavailable
N440,Morning,U5,Available
N441,Morning,U3,Available
N442,Morning,U3,Available
N443,Evening,U3,Available
N444,Night,U3,Available
N445,Evening,U5,Available
N446,Night,U3,Unavailable
N447,Evening,U4,Available
N448,Night,U3,Available
N449,Morning,U4,Available
N450,Night,U3,Available
N451,Night,U3,Available
N452,Evening,U3,Available
N453,Night,U2,Available
N454,Night,U3,Unavailable
N455,Morning,U5,Available
N456,Evening,U3,Unavailable
N457,Morning,U3,Available
N458,Evening,U3,Available
N459,Morning,U3,Unavailable
N460,Morning,U2,Available
N461,Night,U3,Available
N462,Evening,U3,Available
N463,Evening,U5,Available
N464,Night,U1,Available
N465,Morning,U4,Available
N466,Evening,U3,Available
N467,Evening,U5,Available
N468,Night,U3,Available
N469,Night,U3,Available
N470,Night,U5,Available
N471,Morning,U1,Available
N472,Morning,U5,Available
N473,Night,U4,Available
N474,Night,U3,Available
N475,Night,U2,Available
N476,Night,U5,Available
N477,Night,U3,Available
N478,Morning,U3,Unavailable
N479,Night,U3,Available
N480,Night,U3,Unavailable
N481,Evening,U3,Available
N482,Morning,U5,Available
N483,Night,U3,Available
N484,Night,U2,Available
N485,Morning,U4,Available
N486,Morning,U2,Available
N487,Morning,U3,Available
N488,Morning,U5,Available
N489,Night,U3,Unavailable
N490,Evening,U5,Available
N491,Morning,U5,Unavailable
N492,Night,U3,Available
N493,Morning,U5,Available
N494,Evening,U3,Available
N495,Night,U5,Available
